CustomerID,Recency,Frequency,Monetary,Segment,Country,Revenue_Share
12346.0,325,2,0.0,Lost Customers,United Kingdom,0.0
12347.0,2,7,4310.0,Champions,Iceland,0.0005206244956682728
12348.0,75,4,1797.24,Potential Loyalists,Finland,0.000217096790857273
12349.0,18,1,1757.55,Potential Loyalists,Italy,0.00021230245530435565
12350.0,310,1,334.4,Lost Customers,Norway,4.039369636925067e-05
12352.0,36,11,1545.41,Loyal Customers,Norway,0.00018667710019737948
12353.0,204,1,89.0,Lost Customers,Bahrain,1.0750714643729995e-05
12354.0,232,1,1079.4,At Risk,Spain,0.00013038563355552985
12355.0,214,1,459.4,Lost Customers,Bahrain,5.549301468909618e-05
12356.0,22,3,2811.43,Loyal Customers,Portugal,0.00033960541203170583
12357.0,33,1,6207.67,Potential Loyalists,Switzerland,0.0007498526828364424
12358.0,1,2,1168.06,Loyal Customers,Austria,0.00014109527805342985
12359.0,7,6,6182.9800000000005,Champions,Cyprus,0.0007468702654819066
12360.0,52,3,2662.06,Loyal Customers,Austria,0.00032156233061222326
12361.0,287,1,189.9,Lost Customers,Belgium,2.293888439150928e-05
12362.0,3,13,5154.58,Champions,Belgium,0.0006226451538008736
12363.0,109,2,552.0,Potential Loyalists,Unspecified,6.667858970043772e-05
12364.0,7,4,1313.1,Loyal Customers,Belgium,0.00015861531908631298
12365.0,291,3,320.69,At Risk,Cyprus,3.8737603135930026e-05
12367.0,4,1,168.9,Potential Loyalists,Denmark,2.0402198913775237e-05
12370.0,51,4,3541.94,Loyal Customers,Cyprus,0.00042784703623834856
12371.0,44,2,1887.96,Potential Loyalists,Switzerland,0.00022805527212108406
12372.0,71,3,1298.04,Loyal Customers,Denmark,0.000156796153215138
12373.0,311,1,364.6,Lost Customers,Austria,4.404169167532535e-05
12374.0,25,1,742.9300000000001,Potential Loyalists,Austria,8.974189247490254e-05
12375.0,2,3,455.42,Loyal Customers,Finland,5.5012252393792296e-05
12377.0,315,2,1628.12,Potential Loyalists,Switzerland,0.0001966680171432548
12378.0,129,1,4008.62,Potential Loyalists,Switzerland,0.0004842194352263925
12379.0,81,3,850.29,Potential Loyalists,Belgium,0.00010271039499345142
12380.0,21,5,2720.56,Champions,Belgium,0.00032862881158591097
12381.0,4,6,1803.96,Champions,Norway,0.0002179085302101479
12383.0,184,6,1839.31,Potential Loyalists,Belgium,0.0002221786174310002
12384.0,28,3,566.16,Loyal Customers,Switzerland,6.838904047970982e-05
12386.0,337,2,401.9,At Risk,Australia,4.8547328261967245e-05
12388.0,15,6,2780.66,Champions,Australia,0.00033588856383409265
12390.0,79,1,549.84,At Risk,Belgium,6.64176734798708e-05
12391.0,21,1,439.66,Potential Loyalists,Cyprus,5.310853034002618e-05
12393.0,72,4,1582.6000000000001,Potential Loyalists,Australia,0.0001911694493838999
12394.0,63,2,1272.48,Potential Loyalists,Belgium,0.000153708644605096
12395.0,15,15,2998.28,Champions,Belgium,0.00036217587305621094
12397.0,35,2,2409.9,Loyal Customers,Belgium,0.0002911027777519654
12398.0,45,1,1635.6599999999999,Potential Loyalists,Switzerland,0.0001975788080243079
12399.0,119,4,1108.65,Loyal Customers,Belgium,0.0001339188740423737
12401.0,303,1,84.3,Lost Customers,Belgium,1.0182980274903804e-05
12402.0,323,1,225.6,Lost Customers,Belgium,2.7251249703657156e-05
12403.0,49,2,409.7,Potential Loyalists,Denmark,4.9489525725125603e-05
12405.0,148,1,1710.39,Potential Loyalists,Finland,0.00020660578448864435
12406.0,22,3,3280.75,Loyal Customers,Denmark,0.00039629670862266497
12407.0,49,5,1708.1200000000001,Loyal Customers,Belgium,0.00020633158086795595
12408.0,32,9,2842.57,Champions,Belgium,0.0003433669542115458
12409.0,78,7,11056.93,Loyal Customers,Switzerland,0.0013356168456819945
12410.0,301,3,681.0799999999999,Potential Loyalists,Switzerland,8.227074977024297e-05
12412.0,74,3,1226.88,Potential Loyalists,Denmark,0.00014820041328201638
12413.0,66,5,694.15,Loyal Customers,France,8.384953449376602e-05
12414.0,217,3,562.41,Potential Loyalists,Austria,6.793606093011445e-05
12415.0,24,26,123725.45,Champions,Australia,0.014945359630529025
12417.0,3,12,3578.8,Champions,Belgium,0.0004322995232245046
12418.0,112,1,668.58,At Risk,Switzerland,8.076081793825843e-05
12420.0,63,1,600.39,Potential Loyalists,Cyprus,7.252383780841631e-05
12421.0,15,5,806.27,Loyal Customers,Spain,9.739301905393464e-05
12422.0,95,3,803.5600000000001,Potential Loyalists,Australia,9.70656658327604e-05
12423.0,0,9,1849.11,Champions,Belgium,0.00022336240398727607
12424.0,162,2,1760.96,Potential Loyalists,Australia,0.00021271436470812104
12425.0,78,1,777.2,At Risk,Portugal,9.388152158547138e-05
12426.0,194,1,582.73,At Risk,Germany,7.039060611618854e-05
12427.0,11,5,708.37,Loyal Customers,Germany,8.556723294583165e-05
12428.0,25,12,7877.2,Champions,Finland,0.0009515228021526957
12429.0,9,4,3750.4,Champions,Denmark,0.00045302786741398845
12430.0,43,1,256.4,At Risk,Norway,3.0971721737667087e-05
12431.0,35,18,6348.89,Champions,Australia,0.0007669112887014712
12432.0,42,5,5059.32,Loyal Customers,Norway,0.0006111382652956858
12433.0,0,7,13375.87,Champions,Norway,0.0016157321514789745
12434.0,84,4,765.19,Potential Loyalists,Australia,9.243077908130062e-05
12435.0,79,2,7829.89,Potential Loyalists,Denmark,0.0009458080121550007
12436.0,99,1,509.01,At Risk,Norway,6.148563214387645e-05
12437.0,1,19,4896.66,Champions,France,0.0005914898243524373
12438.0,14,2,2906.85,Loyal Customers,Norway,0.0003511316276643431
12441.0,366,1,173.55,Lost Customers,France,2.096389355527349e-05
12442.0,3,1,172.06,Potential Loyalists,Spain,2.0783909680900934e-05
12444.0,21,5,5005.46,Champions,Norway,0.0006046322710180308
12445.0,22,1,133.4,At Risk,Spain,1.6113992510939117e-05
12446.0,57,1,1002.3100000000001,Potential Loyalists,RSA,0.00012107358196131473
12447.0,243,1,476.49,At Risk,Belgium,5.755739348978545e-05
12448.0,44,1,449.45,At Risk,Spain,5.429110895083647e-05
12449.0,22,4,4067.29,Champions,Belgium,0.0004913064512729952
12450.0,156,2,197.88,At Risk,Spain,2.390282487304822e-05
12451.0,10,6,8933.52,Champions,Switzerland,0.0010791204975736494
12452.0,16,3,428.57,Potential Loyalists,Switzerland,5.1768918818689484e-05
12453.0,134,1,707.09,At Risk,Austria,8.541261592623643e-05
12454.0,53,2,5.684341886080802e-14,At Risk,Spain,6.866375006141196e-21
12455.0,73,6,2466.86,Loyal Customers,Spain,0.00029798323512395257
12456.0,44,4,3153.89,Loyal Customers,Switzerland,0.00038097271244622017
12457.0,58,12,1917.78,Loyal Customers,Switzerland,0.0002316573654994664
12458.0,71,2,947.4,Potential Loyalists,Switzerland,0.000114440753409773
12461.0,94,2,826.88,Potential Loyalists,Switzerland,9.988259465851076e-05
12462.0,2,4,1124.01,Champions,Spain,0.0001357742782775163
12463.0,46,7,1303.63,Loyal Customers,Belgium,0.0001574713947304015
12464.0,10,8,1212.05,Champions,Belgium,0.00014640903015654988
12465.0,7,3,733.89,Loyal Customers,Belgium,8.86499097740113e-05
12468.0,143,3,724.0400000000001,Potential Loyalists,Germany,8.746008349040749e-05
12471.0,2,49,18705.52,Champions,Germany,0.002259524806545891
12472.0,30,13,6229.48,Champions,Germany,0.0007524872118968891
12473.0,29,9,2837.73,Champions,Germany,0.00034278230860620133
12474.0,17,30,7064.7699999999995,Champions,Germany,0.000853385688691959
12475.0,53,1,723.38,Potential Loyalists,Germany,8.73803590896787e-05
12476.0,1,20,6546.58,Champions,Germany,0.0007907911626106732
12477.0,22,9,13117.01,Champions,Germany,0.001584463275156773
12478.0,3,1,680.99,Potential Loyalists,Greece,8.22598782610527e-05
12479.0,3,3,477.3,Loyal Customers,Germany,5.7655237072498056e-05
12480.0,28,4,3281.63,Champions,Germany,0.0003964030078236367
12481.0,22,11,5574.36,Champions,Germany,0.0006733522885553116
12483.0,17,13,2327.13,Champions,Sweden,0.0002811046131332965
12484.0,32,8,4480.87,Champions,Spain,0.0005412646598387688
12488.0,9,3,1298.66,Loyal Customers,France,0.00015687104583400445
12489.0,336,1,334.93,Lost Customers,France,4.0457717478926825e-05
12490.0,5,10,5417.93,Champions,France,0.0006544563976371242
12491.0,38,1,460.40000000000003,At Risk,France,5.5613809235654944e-05
12492.0,63,2,263.21000000000004,Potential Loyalists,Germany,3.1794332599732275e-05
12493.0,165,3,416.79,Potential Loyalists,France,5.0345959060227244e-05
12494.0,9,13,1139.3500000000001,Champions,France,0.00013762726662172776
12497.0,81,1,1043.1,Potential Loyalists,Germany,0.00012600079151544672
12498.0,21,3,403.70000000000005,Potential Loyalists,Germany,4.8764758445773026e-05
12500.0,23,13,4206.27,Champions,Germany,0.0005080944773537322
12501.0,315,2,2089.68,Potential Loyalists,Germany,0.0002524219480529179
12502.0,95,5,3723.87,Loyal Customers,Spain,0.00044982318809378444
12503.0,337,1,-1126.0,Lost Customers,Spain,-0.00013601465942516825
12504.0,18,4,114.0,Potential Loyalists,Germany,1.3770578307699095e-05
12505.0,301,1,-4.5,Lost Customers,Italy,-5.435754595144379e-07
12506.0,232,1,73.5,Lost Customers,France,8.878399172069153e-06
12507.0,134,4,1258.06,Loyal Customers,Spain,0.0001519667872437186
12508.0,26,2,397.88,Potential Loyalists,France,4.8061734184801014e-05
12509.0,284,1,176.5,Lost Customers,France,2.1320237467621843e-05
12510.0,142,2,982.5699999999999,Potential Loyalists,Spain,0.00011868909761224473
12512.0,66,2,132.18,At Risk,Israel,1.5966623164137425e-05
12513.0,84,2,586.79,Potential Loyalists,France,7.088103197521711e-05
12514.0,267,1,1017.68,At Risk,Italy,0.00012293019414192293
12515.0,353,1,383.7,Lost Customers,Italy,4.634886751459774e-05
12516.0,77,2,1312.06,Potential Loyalists,Germany,0.00015848969275789187
12517.0,28,6,2443.65,Champions,Germany,0.00029517959369832364
12518.0,0,5,2056.89,Champions,Germany,0.00024846109487125604
12519.0,63,1,330.84,At Risk,Germany,3.996366778350147e-05
12520.0,79,6,2582.51,Loyal Customers,Germany,0.00031195312443347363
12521.0,142,1,599.68,At Risk,Germany,7.243807368035958e-05
12522.0,39,2,192.72,At Risk,Germany,2.3279525012804995e-05
12523.0,1,13,1745.57,Champions,France,0.00021085533663658165
12524.0,9,8,4485.72,Champions,Germany,0.0005418505133895789
12526.0,0,3,1316.66,Loyal Customers,Germany,0.0001590453476720622
12527.0,81,3,348.71000000000004,Potential Loyalists,Germany,4.212226633050659e-05
12528.0,9,8,1922.28,Champions,Germany,0.00023220094095898085
12530.0,59,5,1623.63,Loyal Customers,Germany,0.000196125649629206
12531.0,14,1,125.22,At Risk,Germany,1.5125893120088426e-05
12532.0,30,1,349.83000000000004,Potential Loyalists,France,4.225755622265241e-05
12534.0,130,1,1089.18,Potential Loyalists,Germany,0.00013156700422087457
12535.0,91,2,716.35,Potential Loyalists,France,8.653117342737058e-05
12536.0,7,5,4106.82,Champions,France,0.0004960814596984631
12538.0,29,1,363.95,Potential Loyalists,Spain,4.396317522006215e-05
12539.0,22,5,3852.5,Champions,Spain,0.00046536099061763827
12540.0,19,19,13309.039999999999,Champions,Spain,0.0016076594519324522
12541.0,29,3,981.18,Loyal Customers,Spain,0.00011852119319252804
12544.0,29,2,355.7,Potential Loyalists,Spain,4.296662021095235e-05
12545.0,75,2,1000.39,Potential Loyalists,Spain,0.00012084165643192191
12546.0,46,3,1141.5,Loyal Customers,Spain,0.0001378869748968291
12547.0,197,2,207.79999999999998,Lost Customers,Spain,2.5101106774911154e-05
12548.0,166,1,95.19999999999999,Lost Customers,Spain,1.1499640832394331e-05
12550.0,79,1,964.83,Potential Loyalists,Spain,0.00011654620235629226
12551.0,357,1,168.0,Lost Customers,Spain,2.029348382187235e-05
12552.0,38,2,437.82,Potential Loyalists,Italy,5.288626837435805e-05
12553.0,8,14,3652.25,Champions,France,0.00044117188266924577
12556.0,50,2,599.56,Potential Loyalists,Spain,7.242357833477254e-05
12557.0,16,5,11990.960000000001,Champions,Spain,0.0014484425760042767
12558.0,1,2,1.0658141036401503e-14,Potential Loyalists,USA,1.2874453136514744e-21
12559.0,310,3,536.21,Potential Loyalists,Germany,6.477124381027485e-05
12560.0,5,4,2101.39,Champions,Germany,0.00025383645219312107
12561.0,302,1,238.85,Lost Customers,Germany,2.8851777445560778e-05
12562.0,8,7,3781.7400000000002,Champions,France,0.00045681356850314016
12564.0,261,1,456.9,Lost Customers,France,5.519102832269926e-05
12565.0,281,2,131.17,Lost Customers,Saudi Arabia,1.584462067211307e-05
12566.0,72,2,346.7,At Risk,Germany,4.1879469291923474e-05
12567.0,22,11,9114.94,Champions,France,0.0011010350442103402
12569.0,2,35,4064.9900000000002,Champions,Germany,0.0004910286238159101
12571.0,39,2,519.61,Potential Loyalists,France,6.276605433739936e-05
12572.0,8,3,1004.72,Loyal Customers,Germany,0.00012136469681852135
12573.0,227,1,160.54000000000002,Lost Customers,France,1.9392356504543975e-05
12574.0,315,1,218.45,Lost Customers,France,2.638756869576199e-05
12576.0,35,6,1306.98,Loyal Customers,Poland,0.00015787605646137335
12577.0,35,4,564.2,Loyal Customers,France,6.815228316845465e-05
12578.0,21,4,2753.36,Champions,Italy,0.00033259087271303846
12579.0,73,3,410.72,Potential Loyalists,France,4.961273616261555e-05
12580.0,246,1,415.7,Lost Customers,Germany,5.021429300447819e-05
12581.0,39,1,197.71,At Risk,Germany,2.388228980013323e-05
12582.0,238,2,511.36,At Risk,Finland,6.176949932828956e-05
12583.0,2,18,7187.34,Champions,France,0.0008681914762636668
12584.0,3,18,1893.95,Champions,Italy,0.00022877883145497107
12585.0,234,4,1982.81,Potential Loyalists,Germany,0.0002395126348621828
12586.0,17,2,179.94000000000003,Potential Loyalists,Italy,2.1735770707783994e-05
12587.0,7,1,144.0,Potential Loyalists,Finland,1.7394414704462014e-05
12588.0,39,1,214.89999999999998,At Risk,Finland,2.595874805547838e-05
12589.0,28,2,646.68,Potential Loyalists,France,7.81154173686215e-05
12590.0,190,3,9861.38,Potential Loyalists,Germany,0.001191200925543664
12591.0,317,1,452.84999999999997,Lost Customers,Italy,5.4701810409136266e-05
12592.0,92,2,437.6,At Risk,Germany,5.285969357411512e-05
12593.0,108,3,418.09999999999997,Potential Loyalists,France,5.050419991621922e-05
12594.0,37,11,3320.2200000000003,Champions,Italy,0.0004010644693753394
12596.0,51,2,618.27,Potential Loyalists,Spain,7.4683644300887e-05
12597.0,19,5,3683.13,Champions,Spain,0.00044490201826698043
12598.0,9,9,3002.68,Champions,France,0.00036270736906106945
12599.0,29,7,1032.58,Loyal Customers,France,0.0001247300328856485
12600.0,28,11,2581.04,Champions,Germany,0.0003117755564500322
12601.0,189,6,569.5600000000001,Potential Loyalists,Germany,6.879974193800962e-05
12602.0,58,1,153.12,At Risk,France,1.849606096907794e-05
12603.0,21,1,739.1999999999999,Potential Loyalists,Germany,8.929132881623833e-05
12604.0,79,2,254.18,At Risk,France,3.070355784430663e-05
12605.0,365,1,-7.5,Lost Customers,Germany,-9.0595909919073e-07
12607.0,58,2,3.552713678800501e-15,At Risk,USA,4.291484378838248e-22
12609.0,78,3,1126.85,Potential Loyalists,Germany,0.00013611733478974318
12610.0,22,7,2057.99,Champions,Italy,0.00024859396887247067
12611.0,52,1,1193.32,Potential Loyalists,Italy,0.00014414654829950424
12612.0,57,2,643.59,Potential Loyalists,Germany,7.774216221975492e-05
12613.0,31,6,3218.98,Champions,Germany,0.0003888352294817301
12614.0,277,1,315.6,Lost Customers,Germany,3.812275889394592e-05
12615.0,2,4,2291.19,Champions,France,0.00027676325712997445
12616.0,85,5,657.25,Potential Loyalists,France,7.939221572574764e-05
12617.0,29,1,352.98,Potential Loyalists,France,4.263805904431252e-05
12618.0,21,1,177.31,At Risk,Italy,2.1418081050334444e-05
12619.0,16,13,3214.81,Champions,Germany,0.00038833151622258004
12620.0,14,3,1339.41,Loyal Customers,France,0.00016179342360627408
12621.0,1,23,13612.07,Champions,Germany,0.0016442638233761546
12622.0,232,1,180.1,Lost Customers,Germany,2.1755097835233395e-05
12623.0,276,1,305.1,Lost Customers,Germany,3.685441615507889e-05
12624.0,106,2,641.13,Potential Loyalists,France,7.744500763522035e-05
12625.0,211,3,2614.32,Potential Loyalists,Germany,0.00031579559895950787
12626.0,23,13,6388.35,Champions,Germany,0.0007716778415086799
12627.0,10,7,4478.53,Champions,Germany,0.0005409820005998213
12628.0,4,4,769.61,Loyal Customers,Germany,9.296469097709035e-05
12630.0,9,2,1270.88,Loyal Customers,Finland,0.00015351537333060198
12631.0,57,1,640.5,Potential Loyalists,Finland,7.736890707088834e-05
12633.0,58,5,2140.63,Loyal Customers,Germany,0.000258576430200087
12635.0,89,2,1689.18,Potential Loyalists,Germany,0.00020404373215613297
12637.0,67,10,5934.25,Champions,France,0.0007168250379163452
12638.0,33,1,671.69,Potential Loyalists,Sweden,8.11364889780562e-05
12639.0,238,1,486.1,At Risk,Sweden,5.8718229082215175e-05
12640.0,23,3,1174.58,Loyal Customers,France,0.000141882858496993
12641.0,115,1,185.9,Lost Customers,Sweden,2.2455706205274226e-05
12642.0,25,3,1013.26,Loyal Customers,Germany,0.0001223962822461332
12643.0,128,6,3344.64,Loyal Customers,France,0.0004040142722023044
12644.0,129,1,477.91,At Risk,Germany,5.77289217458989e-05
12645.0,33,5,1755.38,Loyal Customers,Germany,0.00021204033113832315
12646.0,4,2,1346.97,Loyal Customers,USA,0.00016270663037825834
12647.0,22,13,3669.92,Champions,Germany,0.00044330632230693914
12648.0,154,1,318.05,At Risk,Germany,3.841870553301489e-05
12649.0,107,4,603.71,Potential Loyalists,Germany,7.292487570299141e-05
12650.0,3,1,314.44,Potential Loyalists,France,3.798263721993775e-05
12651.0,334,1,114.0,Lost Customers,France,1.3770578307699095e-05
12652.0,322,2,914.53,Potential Loyalists,France,0.00011047023666438643
12653.0,148,2,2209.85,Potential Loyalists,Israel,0.0002669378287128846
12654.0,10,5,601.98,Loyal Customers,Germany,7.271590113744475e-05
12656.0,17,8,3982.72,Champions,France,0.00048109085647052047
12657.0,11,5,1152.06,Champions,France,0.00013916256530848963
12658.0,18,1,686.05,Potential Loyalists,Germany,8.287109866664003e-05
12659.0,29,1,91.68,At Risk,France,1.1074444028507484e-05
12660.0,11,1,245.1,Potential Loyalists,France,2.9606743361553052e-05
12662.0,0,12,3817.08,Champions,Germany,0.00046108244777852685
12664.0,8,10,4863.88,Champions,Finland,0.000587530179116241
12665.0,324,2,61.75,Lost Customers,Germany,7.459063250003677e-06
12666.0,359,1,-227.44,Lost Customers,Israel,-2.7473511669325283e-05
12667.0,58,1,620.13,Potential Loyalists,Finland,7.490832215748631e-05
12668.0,7,6,3743.18,Champions,Germany,0.00045215573078783415
12669.0,150,4,1607.73,Loyal Customers,France,0.00019420501633892162
12670.0,10,6,2986.15,Champions,France,0.0003607106352064531
12672.0,329,1,225.89999999999998,Lost Customers,France,2.7287488067624783e-05
12673.0,5,2,610.52,Loyal Customers,Germany,7.37474865650566e-05
12674.0,11,7,1922.26,Champions,France,0.00023219852506804967
12676.0,24,6,1331.39,Loyal Customers,Sweden,0.0001608246513428728
12678.0,42,13,17588.26,Champions,France,0.002124565891457646
12679.0,52,9,1058.67,Loyal Customers,France,0.0001278815626053667
12680.0,0,4,862.81,Loyal Customers,France,0.00010422274271636715
12681.0,14,27,13677.59,Champions,France,0.0016521782820666847
12682.0,3,31,12279.82,Champions,France,0.0014833352887232412
12683.0,4,20,8221.09,Champions,France,0.000993062838768789
12684.0,7,7,2283.63,Champions,France,0.00027585005035799025
12685.0,28,6,2863.08,Champions,France,0.000345844450361466
12686.0,371,1,89.14,Lost Customers,France,1.0767625880248223e-05
12688.0,113,1,4873.8099999999995,Potential Loyalists,Israel,0.0005887296689635695
12689.0,25,2,1247.61,Loyal Customers,France,0.00015070448423217954
12690.0,205,1,389.01,Lost Customers,France,4.699028655682478e-05
12691.0,28,6,1035.8,Loyal Customers,France,0.00012511899132556774
12693.0,120,6,830.96,Potential Loyalists,Germany,0.00010037543640847053
12694.0,70,2,869.67,Potential Loyalists,France,0.00010505139330576027
12695.0,7,4,582.1,Loyal Customers,France,7.031450555185653e-05
12697.0,21,5,939.02,Loyal Customers,Sweden,0.00011342849510961056
12700.0,7,6,4867.99,Champions,France,0.0005880266447025975
12701.0,79,2,797.71,Potential Loyalists,Germany,9.635901773539162e-05
12702.0,19,1,219.0,At Risk,Germany,2.6454005696369315e-05
12703.0,64,2,274.7,Potential Loyalists,Germany,3.3182261939692466e-05
12704.0,7,10,2220.84,Champions,Finland,0.0002682653607795654
12705.0,15,14,6814.24,Champions,Germany,0.000823123030942592
12707.0,291,1,603.42,At Risk,France,7.288984528448936e-05
12708.0,29,16,2616.32,Champions,Germany,0.0003160371880526254
12709.0,3,26,9264.1,Champions,Germany,0.0011190527587750456
12710.0,96,4,1130.57,Loyal Customers,Germany,0.0001365666905029418
12712.0,22,17,4241.63,Champions,Germany,0.0005123657725200501
12713.0,0,1,848.55,Potential Loyalists,Germany,0.00010250021248243918
12714.0,9,5,4708.86,Champions,France,0.0005688046085087013
12715.0,106,1,343.36,At Risk,Sweden,4.14760155064172e-05
12716.0,3,2,1053.49,Loyal Customers,France,0.00012725584685419227
12717.0,151,3,980.98,Potential Loyalists,Greece,0.0001184970342832163
12718.0,71,1,238.25,At Risk,France,2.877930071762552e-05
12719.0,5,3,608.1,Loyal Customers,France,7.345516376238438e-05
12720.0,2,29,5713.28,Champions,Germany,0.0006901330669632551
12721.0,31,7,2628.98,Champions,France,0.00031756644701205934
12722.0,85,6,904.33,Loyal Customers,France,0.00010923813228948705
12723.0,3,5,725.07,Loyal Customers,France,8.758450187336301e-05
12724.0,5,4,1031.41,Champions,France,0.00012458870326617478
12725.0,371,1,427.8,Lost Customers,Italy,5.1675907017839236e-05
12726.0,28,7,2609.1,Champions,France,0.0003151650514264711
12727.0,10,9,3947.7,Champions,France,0.0004768606314500326
12728.0,71,4,836.33,Loyal Customers,France,0.0001010241031234911
12729.0,113,1,453.01,At Risk,France,5.472113753658568e-05
12731.0,23,14,18793.41,Champions,France,0.002270141439242941
12732.0,179,1,236.26000000000002,Lost Customers,France,2.8538919569973584e-05
12733.0,234,1,383.95,Lost Customers,USA,4.637906615123743e-05
12734.0,352,1,110.39999999999999,Lost Customers,France,1.3335717940087543e-05
12735.0,315,2,779.5699999999999,At Risk,France,9.416780466081563e-05
12736.0,332,1,234.0,Lost Customers,France,2.8265923894750775e-05
12738.0,372,1,155.35,Lost Customers,Germany,1.8765432807903985e-05
12739.0,78,2,1013.04,Potential Loyalists,United Arab Emirates,0.00012236970744589027
12740.0,63,1,427.6,At Risk,France,5.165174810852748e-05
12743.0,134,2,540.13,Potential Loyalists,Unspecified,6.524475843278519e-05
12744.0,51,10,9120.39,Champions,Singapore,0.0011016933744890855
12747.0,2,11,4196.01,Champions,United Kingdom,0.0005068551253060393
12748.0,0,223,28405.56,Champions,United Kingdom,0.0034312367399477644
12749.0,3,8,3868.2,Champions,United Kingdom,0.00046725746499861085
12750.0,128,1,275.88,At Risk,Poland,3.332479950463181e-05
12752.0,81,1,4366.78,Potential Loyalists,Norway,0.0005274832100218794
12753.0,3,11,21024.01,Champions,Japan,0.0025395857547969194
12754.0,235,5,2949.12,Loyal Customers,Japan,0.00035623761314738207
12755.0,249,4,2203.2,Loyal Customers,Japan,0.0002661345449782688
12756.0,86,1,112.07999999999998,Lost Customers,Japan,1.3538652778306266e-05
12757.0,15,19,4205.25,Champions,Portugal,0.0005079712669162422
12758.0,116,2,2791.59,Potential Loyalists,Portugal,0.00033720884822797996
12759.0,52,3,1531.44,Loyal Customers,Netherlands,0.00018498960038195353
12762.0,7,2,1898.52,Loyal Customers,Portugal,0.0002293308625327446
12763.0,138,2,494.08,Potential Loyalists,Japan,5.968216956375411e-05
12764.0,316,1,1693.88,At Risk,Lebanon,0.00020461146652495915
12766.0,3,7,6989.63,Champions,Portugal,0.0008443091864635335
12769.0,238,1,1143.6,At Risk,Brazil,0.00013814064344460248
12770.0,210,1,1351.45,At Risk,Japan,0.0001632477899468416
12772.0,59,1,892.47,Potential Loyalists,Portugal,0.0001078055089673001
12775.0,17,6,1351.24,Loyal Customers,Netherlands,0.00016322242309206426
12778.0,19,7,804.23,Loyal Customers,Netherlands,9.714659817895477e-05
12779.0,21,12,3868.7,Champions,Poland,0.0004673178622718902
12781.0,21,5,707.72,Loyal Customers,Czech Republic,8.548871649056846e-05
12782.0,4,6,2273.32,Champions,Portugal,0.00027460465858296937
12783.0,2,8,1603.87,Champions,Portugal,0.0001937387493892048
12784.0,9,2,532.8199999999999,Loyal Customers,Portugal,6.436175029744062e-05
12785.0,2,2,305.71,Potential Loyalists,Portugal,3.692810082847974e-05
12787.0,9,3,463.66,Loyal Customers,Netherlands,5.600759945743652e-05
12789.0,65,1,91.85,At Risk,Netherlands,1.1094979101422472e-05
12790.0,192,1,324.92,Lost Customers,Netherlands,3.9248564067873594e-05
12791.0,373,1,192.60000000000002,Lost Customers,Netherlands,2.3265029667217947e-05
12792.0,256,1,400.53999999999996,Lost Customers,Portugal,4.8383047678647327e-05
12793.0,334,2,545.48,At Risk,Portugal,6.589100925687459e-05
12794.0,53,2,860.41,Potential Loyalists,Portugal,0.00010393283580462612
12795.0,18,1,430.48,Potential Loyalists,Portugal,5.199963640261672e-05
12797.0,360,3,194.18,At Risk,Portugal,2.3455885050780793e-05
12798.0,10,3,6977.04,Champions,Japan,0.0008427883831223587
12802.0,183,2,412.58,At Risk,Netherlands,4.9837414019214844e-05
12808.0,36,3,483.65000000000003,Potential Loyalists,Portugal,5.842228244314621e-05
12809.0,168,2,484.36,Potential Loyalists,Portugal,5.8508046571202925e-05
12811.0,260,3,514.85,Potential Loyalists,Portugal,6.219107229577965e-05
12812.0,44,1,229.64000000000001,At Risk,Japan,2.7739259671754565e-05
12814.0,101,1,125.92,Lost Customers,Poland,1.5210449302679561e-05
12815.0,147,2,1063.46,Potential Loyalists,Poland,0.00012846016848338317
12816.0,95,2,572.2,Potential Loyalists,Poland,6.911863954092476e-05
12817.0,281,1,166.04,Lost Customers,Austria,2.005672651061717e-05
12818.0,178,2,1517.88,Potential Loyalists,Austria,0.00018335162633061668
12820.0,3,4,942.34,Champions,United Kingdom,0.00011382953300418567
12821.0,214,1,92.72,Lost Customers,United Kingdom,1.1200070356928597e-05
12822.0,70,3,918.98,Loyal Customers,United Kingdom,0.00011100777239657293
12823.0,74,5,1759.5,Loyal Customers,United Kingdom,0.00021253800467014523
12824.0,59,1,397.12,At Risk,United Kingdom,4.7969930329416356e-05
12826.0,2,8,1468.1200000000001,Champions,United Kingdom,0.00017734088969385261
12827.0,5,3,430.15000000000003,Loyal Customers,United Kingdom,5.195977420225234e-05
12828.0,2,6,1018.71,Champions,United Kingdom,0.00012305461252487847
12829.0,322,3,253.05,At Risk,United Kingdom,3.056706000669523e-05
12830.0,37,7,6748.4,Loyal Customers,United Kingdom,0.0008151699179971629
12831.0,262,1,215.05,Lost Customers,United Kingdom,2.59768672374622e-05
12832.0,32,2,383.03,Potential Loyalists,United Kingdom,4.626793516840337e-05
12833.0,145,1,417.38,At Risk,United Kingdom,5.0417227842696914e-05
12834.0,282,1,312.38,Lost Customers,United Kingdom,3.7733800454026696e-05
12836.0,59,4,2610.36,Loyal Customers,United Kingdom,0.0003153172525551352
12837.0,173,1,134.1,Lost Customers,United Kingdom,1.619854869353025e-05
12838.0,33,2,671.95,Potential Loyalists,United Kingdom,8.116789556016147e-05
12839.0,2,16,5583.62,Champions,United Kingdom,0.0006744708460564458
12840.0,143,6,2714.27,Loyal Customers,United Kingdom,0.00032786901388805634
12841.0,4,26,3845.63,Champions,United Kingdom,0.00046453113208277957
12842.0,70,2,1118.99,Potential Loyalists,United Kingdom,0.0001351678896537913
12843.0,65,9,1680.76,Loyal Customers,United Kingdom,0.00020302664207410816
12844.0,29,2,325.96000000000004,Potential Loyalists,United Kingdom,3.937419039629472e-05
12845.0,267,4,354.09,Potential Loyalists,United Kingdom,4.2772140990992735e-05
12847.0,22,1,843.64,Potential Loyalists,United Kingdom,0.00010190711125883565
12849.0,31,2,1010.29,Loyal Customers,United Kingdom,0.00012203752244285367
12851.0,96,1,131.81,Lost Customers,United Kingdom,1.5921929181910683e-05
12852.0,290,2,299.75,At Risk,United Kingdom,3.62081653309895e-05
12853.0,107,9,1881.7,Loyal Customers,United Kingdom,0.0002272990982596262
12854.0,78,5,1280.9,Loyal Customers,United Kingdom,0.0001547257346871208
12855.0,372,1,38.1,Lost Customers,United Kingdom,4.602272223888908e-06
12856.0,7,8,2153.53,Champions,United Kingdom,0.00026013467985069503
12857.0,210,2,1106.4,Potential Loyalists,United Kingdom,0.00013364708631261648
12863.0,52,2,504.2,Potential Loyalists,United Kingdom,6.09046103749288e-05
12864.0,138,1,147.12,Lost Customers,United Kingdom,1.7771293689725357e-05
12865.0,26,3,1548.07,Loyal Customers,Austria,0.00018699841369122577
12866.0,283,1,559.12,At Risk,Belgium,6.753864687193612e-05
12867.0,26,10,3958.74,Champions,United Kingdom,0.0004781942032440413
12868.0,185,6,1607.0600000000002,Potential Loyalists,United Kingdom,0.00019412408399272727
12870.0,366,1,-14.899999999999999,Lost Customers,United Kingdom,-1.7998387437255832e-06
12871.0,84,2,380.64,At Risk,United Kingdom,4.5979236202127927e-05
12872.0,326,2,599.97,At Risk,United Kingdom,7.247310409886163e-05
12873.0,282,1,374.0,Lost Customers,United Kingdom,4.517716041297773e-05
12875.0,143,2,343.2300000000001,At Risk,United Kingdom,4.146031221536457e-05
12876.0,57,2,2218.02,Loyal Customers,Belgium,0.0002679247201582697
12877.0,3,12,1535.77,Champions,United Kingdom,0.00018551264076855297
12878.0,18,3,841.64,Loyal Customers,United Kingdom,0.00010166552216571812
12879.0,44,4,552.5699999999999,Loyal Customers,United Kingdom,6.674744259197621e-05
12881.0,275,1,298.0,Lost Customers,United Kingdom,3.599677487451167e-05
12882.0,9,2,1463.04,Loyal Customers,United Kingdom,0.00017672725339733407
12883.0,24,4,703.47,Loyal Customers,United Kingdom,8.49753396676937e-05
12884.0,88,1,309.05,At Risk,United Kingdom,3.7331554613986016e-05
12885.0,63,4,1158.27,Loyal Customers,United Kingdom,0.00013991269944261956
12886.0,67,3,1351.09,Loyal Customers,United Kingdom,0.00016320430391008042
12888.0,214,4,313.77,Potential Loyalists,United Kingdom,3.790170487374337e-05
12890.0,24,1,376.71999999999997,Potential Loyalists,United Kingdom,4.550572157961757e-05
12891.0,185,3,331.0,At Risk,United Kingdom,3.9982994910950884e-05
12893.0,30,1,176.55,At Risk,United Kingdom,2.1326277194949783e-05
12895.0,42,3,347.3,Potential Loyalists,United Kingdom,4.1951946019858735e-05
12897.0,204,2,216.5,Lost Customers,United Kingdom,2.6152019329972403e-05
12901.0,8,36,16293.1,Champions,United Kingdom,0.0019681176265365975
12902.0,264,1,138.68,Lost Customers,United Kingdom,1.6751787716769392e-05
12904.0,18,2,496.06,Potential Loyalists,United Kingdom,5.9921342765940466e-05
12906.0,11,5,2919.81,Champions,United Kingdom,0.00035269712498774467
12908.0,58,4,246.0,Potential Loyalists,United Kingdom,2.9715458453455943e-05
12909.0,39,8,2128.83,Champions,United Kingdom,0.00025715105455069356
12910.0,23,8,3075.04,Champions,United Kingdom,0.0003714480624500616
12912.0,2,5,1662.3,Champions,United Kingdom,0.00020079677474463338
12913.0,4,5,2483.63,Champions,United Kingdom,0.000300008959669743
12915.0,148,2,363.65,At Risk,United Kingdom,4.392693685609452e-05
12916.0,138,5,2921.15,Loyal Customers,United Kingdom,0.0003528589896801334
12917.0,128,1,594.0,At Risk,United Kingdom,7.175196065590581e-05
12919.0,8,8,1301.44,Champions,United Kingdom,0.0001572068546734378
12920.0,17,1,162.78,At Risk,United Kingdom,1.9662936288835602e-05
12921.0,3,50,16389.74,Champions,United Kingdom,0.0019797912115160367
12922.0,161,1,405.38,At Risk,United Kingdom,4.8967693283991746e-05
12923.0,64,1,172.82,At Risk,United Kingdom,2.087571353628559e-05
12924.0,88,5,929.95,Loyal Customers,United Kingdom,0.00011233288857232258
12925.0,4,2,694.05,Loyal Customers,United Kingdom,8.383745503911014e-05
12928.0,35,5,2062.7000000000003,Loyal Customers,United Kingdom,0.00024916291118676253
12929.0,122,2,105.1,At Risk,United Kingdom,1.2695506843326094e-05
12930.0,78,4,409.9,Potential Loyalists,United Kingdom,4.951368463443736e-05
12931.0,21,20,33462.81,Champions,United Kingdom,0.0040421249605320725
12933.0,24,4,606.28,Loyal Customers,United Kingdom,7.323531768764743e-05
12935.0,2,8,2156.45,Champions,United Kingdom,0.0002604873999266466
12936.0,17,5,1012.9,Loyal Customers,United Kingdom,0.00012235279620937203
12937.0,15,4,1504.27,Loyal Customers,United Kingdom,0.0001817076125519519
12938.0,25,1,114.14,At Risk,United Kingdom,1.3787489544217321e-05
12939.0,64,8,11581.8,Champions,United Kingdom,0.0013990182793342926
12940.0,46,4,862.44,Loyal Customers,United Kingdom,0.00010417804873414043
12942.0,131,3,675.6,Potential Loyalists,United Kingdom,8.160879565510095e-05
12943.0,301,1,-3.75,Lost Customers,United Kingdom,-4.52979549595365e-07
12944.0,35,2,604.51,Potential Loyalists,United Kingdom,7.302151134023841e-05
12945.0,288,1,462.95,Lost Customers,United Kingdom,5.5921835329379786e-05
12947.0,143,11,1407.29,Loyal Customers,United Kingdom,0.00016999295742668296
12948.0,16,8,2053.7,Champions,United Kingdom,0.0002480757602677336
12949.0,30,10,4143.02,Champions,United Kingdom,0.0005004542222838904
12950.0,2,3,1843.0,Loyal Customers,United Kingdom,0.00022262434930780205
12951.0,8,8,1042.07,Champions,United Kingdom,0.00012587637313249119
12952.0,5,5,1382.8400000000001,Champions,United Kingdom,0.00016703953076332122
12953.0,9,1,329.85,Potential Loyalists,United Kingdom,3.98440811824083e-05
12955.0,1,14,4734.26,Champions,United Kingdom,0.000571872789991294
12956.0,306,1,108.07,Lost Customers,United Kingdom,1.3054266646605623e-05
12957.0,4,12,3979.04,Champions,United Kingdom,0.0004806463325391843
12962.0,7,2,266.39,Potential Loyalists,United Kingdom,3.2178459257789136e-05
12963.0,8,9,1841.03,Champions,United Kingdom,0.00022238638405108126
12965.0,89,1,769.8100000000001,At Risk,United Kingdom,9.298884988640211e-05
12966.0,9,1,160.18,Potential Loyalists,United Kingdom,1.9348870467782817e-05
12967.0,3,4,1194.75,Champions,United Kingdom,0.00014431928450108327
12968.0,112,1,135.95,Lost Customers,United Kingdom,1.6422018604663962e-05
12970.0,7,4,405.47,Loyal Customers,United Kingdom,4.8978564793182035e-05
12971.0,3,89,10930.26,Champions,United Kingdom,0.0013203158004693957
12974.0,197,1,144.8,Lost Customers,United Kingdom,1.7491050341709028e-05
12976.0,211,1,738.6,At Risk,United Kingdom,8.921885208830309e-05
12977.0,156,1,39.239999999999995,Lost Customers,United Kingdom,4.739978006965898e-06
12980.0,155,12,7092.06,Loyal Customers,United Kingdom,0.0008566821718675477
12981.0,29,2,372.21999999999997,Potential Loyalists,United Kingdom,4.4962146120103126e-05
12982.0,239,2,377.2,At Risk,United Kingdom,4.5563702961965775e-05
12984.0,18,1,97.5,At Risk,United Kingdom,1.177746828947949e-05
12985.0,0,3,1215.6200000000001,Loyal Customers,United Kingdom,0.0001468402666877647
12987.0,73,3,545.0,Potential Loyalists,United Kingdom,6.583302787452637e-05
12988.0,292,1,505.82,At Risk,United Kingdom,6.1100297540354e-05
12989.0,3,19,6854.51,Champions,United Kingdom,0.0008279874273325134
12990.0,31,3,409.5,Potential Loyalists,United Kingdom,4.946536681581386e-05
12991.0,23,2,503.76,Potential Loyalists,United Kingdom,6.0851460774442944e-05
12993.0,23,4,414.76,Loyal Customers,United Kingdom,5.010074613071295e-05
12994.0,4,5,902.22,Loyal Customers,United Kingdom,0.00010898325579624804
12995.0,77,2,200.72,At Risk,United Kingdom,2.4245881385275107e-05
12997.0,22,7,1197.94,Loyal Customers,United Kingdom,0.00014470461910460575
12999.0,196,3,455.88,At Risk,United Kingdom,5.506781788520933e-05
13000.0,106,3,534.85,Potential Loyalists,United Kingdom,6.460696322695493e-05
13001.0,4,15,9765.07,Champions,United Kingdom,0.0011795672027645895
13002.0,318,1,120.94999999999999,Lost Customers,United Kingdom,1.4610100406282503e-05
13003.0,105,3,149.05,At Risk,United Kingdom,1.8004427164583774e-05
13004.0,11,22,5613.43,Champions,United Kingdom,0.0006780717314893626
13005.0,173,3,468.95,Potential Loyalists,United Kingdom,5.664660260873237e-05
13006.0,56,1,81.57,At Risk,United Kingdom,9.853211162798378e-06
13008.0,323,2,178.46999999999997,Lost Customers,United Kingdom,2.1558202724342605e-05
13011.0,372,1,50.550000000000004,Lost Customers,United Kingdom,6.10616432854552e-06
13012.0,9,11,1296.6200000000001,Champions,United Kingdom,0.0001566246249590246
13013.0,1,15,4786.99,Champions,United Kingdom,0.0005782422864313376
13014.0,2,16,3365.43,Champions,United Kingdom,0.0004065255908252611
13015.0,53,5,3339.64,Loyal Customers,United Kingdom,0.00040341029946951054
13016.0,73,3,789.89,Potential Loyalists,United Kingdom,9.541440438130209e-05
13017.0,7,1,204.0,Potential Loyalists,United Kingdom,2.4642087497987855e-05
13018.0,16,29,7272.75,Champions,United Kingdom,0.0008785085384852508
13021.0,4,12,2584.4,Champions,United Kingdom,0.00031218142612646964
13023.0,64,2,689.9,Potential Loyalists,United Kingdom,8.333615767089128e-05
13026.0,1,8,936.15,Champions,United Kingdom,0.0001130818147609869
13027.0,113,6,6912.0,Loyal Customers,United Kingdom,0.0008349319058141767
13028.0,22,3,659.68,Loyal Customers,United Kingdom,7.968574647388542e-05
13029.0,30,3,1247.5,Loyal Customers,United Kingdom,0.00015069119683205808
13030.0,11,2,752.4399999999999,Loyal Customers,United Kingdom,9.089064861267636e-05
13032.0,38,3,996.52,Loyal Customers,United Kingdom,0.0001203741815367395
13033.0,357,1,190.55,Lost Customers,United Kingdom,2.301740084677248e-05
13034.0,54,2,642.77,Potential Loyalists,United Kingdom,7.764311069157673e-05
13035.0,57,3,886.63,Potential Loyalists,United Kingdom,0.00010710006881539692
13037.0,138,3,881.07,Potential Loyalists,United Kingdom,0.0001064284511365302
13038.0,80,3,908.46,Potential Loyalists,United Kingdom,0.00010973701376677474
13040.0,8,2,676.99,Loyal Customers,United Kingdom,8.177670007481764e-05
13043.0,253,2,471.57,At Risk,United Kingdom,5.696308432071633e-05
13044.0,291,1,560.47,At Risk,United Kingdom,6.770171950979046e-05
13045.0,99,1,305.28000000000003,At Risk,United Kingdom,3.687615917345947e-05
13046.0,30,2,629.31,Potential Loyalists,United Kingdom,7.601721609489576e-05
13047.0,31,18,3079.1,Champions,United Kingdom,0.0003719384883090902
13048.0,14,5,1789.41,Loyal Customers,United Kingdom,0.00021615096955771788
13049.0,64,2,656.6800000000001,Potential Loyalists,United Kingdom,7.932336283420914e-05
13050.0,9,28,5684.61,Champions,United Kingdom,0.0006866698873134153
13052.0,212,1,348.15000000000003,Lost Customers,United Kingdom,4.205462138443369e-05
13055.0,64,4,1201.96,Loyal Customers,United Kingdom,0.00014519021318177197
13058.0,24,3,271.40000000000003,Potential Loyalists,United Kingdom,3.278363993604855e-05
13059.0,249,1,183.4,Lost Customers,United Kingdom,2.2153719838877317e-05
13060.0,253,1,307.53,Lost Customers,United Kingdom,3.7147946903216686e-05
13061.0,72,1,248.61,At Risk,United Kingdom,3.003073221997432e-05
13062.0,191,1,346.98,Lost Customers,United Kingdom,4.191329176495993e-05
13064.0,12,4,1105.59,Loyal Customers,United Kingdom,0.00013354924272990386
13065.0,373,1,205.86,Lost Customers,United Kingdom,2.4866765354587156e-05
13066.0,24,3,430.9,Potential Loyalists,United Kingdom,5.20503701121714e-05
13067.0,82,1,115.46000000000001,Lost Customers,United Kingdom,1.394693834567489e-05
13068.0,10,2,344.0,Potential Loyalists,United Kingdom,4.155332401621481e-05
13069.0,0,27,3713.14,Champions,United Kingdom,0.0004485270626092089
13070.0,192,1,228.8,Lost Customers,United Kingdom,2.76377922526452e-05
13072.0,266,1,177.15,Lost Customers,United Kingdom,2.1398753922885043e-05
13075.0,129,1,919.61,Potential Loyalists,United Kingdom,0.00011108387296090496
13077.0,1,4,728.02,Loyal Customers,United Kingdom,8.794084578571135e-05
13078.0,1,43,12432.28,Champions,United Kingdom,0.0015017516252915904
13079.0,4,5,220.10000000000002,Loyal Customers,United Kingdom,2.6586879697583955e-05
13080.0,179,1,58.08,Lost Customers,United Kingdom,7.015747264133012e-06
13081.0,1,21,27964.48,Champions,United Kingdom,0.0033779566813516245
13082.0,126,10,3595.48,Loyal Customers,United Kingdom,0.00043431437626110473
13083.0,4,2,303.75,Potential Loyalists,United Kingdom,3.669134351722456e-05
13085.0,157,3,272.38,Potential Loyalists,United Kingdom,3.2902018591676136e-05
13089.0,2,118,57322.13,Champions,United Kingdom,0.006924200701132522
13090.0,8,18,8689.39,Champions,United Kingdom,0.001049630924922258
13091.0,21,2,319.82,Potential Loyalists,United Kingdom,3.86325118804239e-05
13092.0,70,6,459.83,Potential Loyalists,United Kingdom,5.554495634411644e-05
13093.0,267,13,7741.47,Loyal Customers,United Kingdom,0.0009351273583482747
13094.0,21,16,1708.8600000000001,Champions,United Kingdom,0.00020642096883240945
13095.0,70,1,74.39999999999999,At Risk,United Kingdom,8.98711426397204e-06
13097.0,32,14,5886.12,Champions,United Kingdom,0.0007110111963904719
13098.0,1,41,28658.88,Champions,United Kingdom,0.00346183641448203
13099.0,99,1,207.35999999999999,Lost Customers,United Kingdom,2.5047957174425297e-05
13101.0,234,1,101.19,Lost Customers,United Kingdom,1.2223200166281328e-05
13102.0,1,27,6336.29,Champions,United Kingdom,0.0007653892774148307
13103.0,39,1,243.94,At Risk,United Kingdom,2.9466621687544887e-05
13104.0,3,6,1098.48,Champions,United Kingdom,0.00013269039350387107
13106.0,128,2,59.5,At Risk,United Kingdom,7.187275520246458e-06
13107.0,44,5,1524.07,Loyal Customers,United Kingdom,0.00018409934457381543
13108.0,372,1,350.06,Lost Customers,United Kingdom,4.228533896836092e-05
13109.0,2,5,766.84,Loyal Customers,United Kingdom,9.263009008312259e-05
13110.0,31,8,1452.8700000000001,Champions,United Kingdom,0.00017549877285883146
13113.0,0,40,10510.0,Champions,United Kingdom,0.0012695506843326096
13115.0,8,14,2205.63,Champions,United Kingdom,0.0002664280757264066
13116.0,117,2,485.19,Potential Loyalists,United Kingdom,5.86083060448467e-05
13117.0,21,8,984.91,Champions,United Kingdom,0.00011897175685119224
13118.0,19,7,1125.0,Loyal Customers,United Kingdom,0.00013589386487860948
13120.0,238,1,30.599999999999998,Lost Customers,United Kingdom,3.6963131246981778e-06
13121.0,269,2,254.73,At Risk,United Kingdom,3.076999484491395e-05
13122.0,94,2,922.39,Potential Loyalists,United Kingdom,0.00011141968180033831
13124.0,89,3,3756.33,Loyal Customers,United Kingdom,0.0004537441790750819
13126.0,4,10,2056.29,Champions,United Kingdom,0.0002483886181433208
13127.0,77,1,259.17,At Risk,United Kingdom,3.130632263163486e-05
13130.0,94,1,64.0,Lost Customers,United Kingdom,7.730850979760895e-06
13131.0,23,4,1039.3,Loyal Customers,United Kingdom,0.0001255417722385234
13132.0,261,1,77.3,Lost Customers,United Kingdom,9.337418448992456e-06
13133.0,273,2,109.8,Lost Customers,United Kingdom,1.3263241212152286e-05
13134.0,72,7,1740.63,Loyal Customers,United Kingdom,0.00021025861157658137
13135.0,196,1,3096.0,Potential Loyalists,United Kingdom,0.0003739799161459333
13136.0,50,11,2545.38,Champions,United Kingdom,0.0003074680229197467
13137.0,10,9,3557.96,Champions,United Kingdom,0.00042978216487421993
13138.0,22,6,962.39,Loyal Customers,United Kingdom,0.00011625146366268887
13139.0,16,8,5055.79,Champions,United Kingdom,0.0006107118605463334
13140.0,108,3,422.47,Potential Loyalists,United Kingdom,5.103207208468103e-05
13141.0,84,6,2385.8,Loyal Customers,United Kingdom,0.00028819162917989913
13142.0,19,1,307.09,Potential Loyalists,United Kingdom,3.709479730273083e-05
13144.0,332,1,110.95,Lost Customers,United Kingdom,1.3402154940694865e-05
13145.0,39,5,614.77,Loyal Customers,United Kingdom,7.426086338793134e-05
13146.0,26,1,228.91,At Risk,United Kingdom,2.7651079652766665e-05
13147.0,10,4,712.8000000000001,Loyal Customers,United Kingdom,8.610235278708697e-05
13148.0,29,17,3324.62,Champions,United Kingdom,0.0004015959653801979
13149.0,14,4,1676.06,Loyal Customers,United Kingdom,0.00020245890770528196
13151.0,203,2,1250.3700000000001,Potential Loyalists,United Kingdom,0.00015103787718068174
13153.0,5,1,486.22,Potential Loyalists,United Kingdom,5.873272442780223e-05
13154.0,144,1,-611.86,Lost Customers,United Kingdom,-7.390935125744533e-05
13155.0,33,4,971.76,Loyal Customers,United Kingdom,0.0001173833085639445
13157.0,49,5,1721.57,Loyal Customers,United Kingdom,0.0002079562675191713
13158.0,94,4,1201.06,Loyal Customers,United Kingdom,0.00014508149808986908
13159.0,8,5,1371.25,Champions,United Kingdom,0.00016563952196870513
13160.0,22,1,91.8,At Risk,United Kingdom,1.1088939374094534e-05
13161.0,313,1,112.75,Lost Customers,United Kingdom,1.361958512450064e-05
13162.0,122,5,1644.99,Loyal Customers,United Kingdom,0.0001987058211437012
13165.0,46,2,1021.48,Potential Loyalists,United Kingdom,0.00012338921341884624
13166.0,282,2,414.7,At Risk,United Kingdom,5.009349845791943e-05
13167.0,18,4,791.33,Loyal Customers,United Kingdom,9.55883485283467e-05
13168.0,36,5,1290.54,Loyal Customers,United Kingdom,0.00015589019411594727
13169.0,63,2,712.88,Potential Loyalists,United Kingdom,8.611201635081167e-05
13170.0,26,1,108.81,At Risk,United Kingdom,1.314365461105911e-05
13171.0,8,5,426.81,Loyal Customers,United Kingdom,5.155632041674606e-05
13173.0,4,2,353.65,Potential Loyalists,United Kingdom,4.271899139050688e-05
13174.0,16,3,2742.82,Loyal Customers,United Kingdom,0.00033131769819230906
13176.0,46,1,481.49,Potential Loyalists,United Kingdom,5.8161366222579275e-05
13177.0,64,1,282.45,At Risk,United Kingdom,3.4118419675522884e-05
13178.0,26,11,5725.47,Champions,United Kingdom,0.0006916055524858065
13182.0,45,1,121.18,At Risk,United Kingdom,1.463788315199102e-05
13183.0,7,9,3957.78,Champions,United Kingdom,0.000478078240479345
13184.0,14,12,1616.45,Champions,United Kingdom,0.00019525834478491405
13185.0,267,1,71.4,Lost Customers,United Kingdom,8.62473062429575e-06
13186.0,39,5,1539.69,Loyal Customers,United Kingdom,0.00018598615539106334
13187.0,337,1,236.02,Lost Customers,United Kingdom,2.8509928878799477e-05
13188.0,11,1,114.60000000000001,Potential Loyalists,United Kingdom,1.3843055035634354e-05
13189.0,18,2,260.68,Potential Loyalists,United Kingdom,3.1488722396938595e-05
13192.0,95,2,911.94,Potential Loyalists,United Kingdom,0.00011015737878879925
13193.0,61,1,112.08,At Risk,United Kingdom,1.3538652778306268e-05
13194.0,135,1,60.7,Lost Customers,United Kingdom,7.332228976116974e-06
13196.0,11,4,1797.78,Champions,United Kingdom,0.00021716201991241473
13198.0,10,8,3384.09,Champions,United Kingdom,0.00040877961706404766
13199.0,3,39,9803.96,Champions,United Kingdom,0.0011842649026802597
13200.0,19,4,870.09,Loyal Customers,United Kingdom,0.00010510212701531496
13203.0,9,4,869.46,Loyal Customers,United Kingdom,0.00010502602645098294
13207.0,15,2,250.26000000000002,Potential Loyalists,United Kingdom,3.023004322179628e-05
13208.0,58,7,1199.65,Loyal Customers,United Kingdom,0.00014491117777922123
13209.0,30,11,5820.16,Champions,United Kingdom,0.0007030435880994558
13210.0,93,1,353.48,At Risk,United Kingdom,4.26984563175919e-05
13211.0,10,3,1095.42,Loyal Customers,United Kingdom,0.00013232076219140125
13212.0,9,4,779.33,Loyal Customers,United Kingdom,9.413881396964154e-05
13213.0,56,6,1518.43,Loyal Customers,United Kingdom,0.00018341806333122402
13216.0,267,1,333.74,Lost Customers,United Kingdom,4.0313971968521895e-05
13217.0,122,5,133.62,Potential Loyalists,United Kingdom,1.6140567311182045e-05
13218.0,127,1,62.63999999999999,Lost Customers,United Kingdom,7.566570396440976e-06
13220.0,78,4,819.2900000000001,Potential Loyalists,United Kingdom,9.896576405012976e-05
13221.0,240,2,847.41,At Risk,United Kingdom,0.00010236250669936219
13223.0,200,2,163.20000000000002,Lost Customers,United Kingdom,1.9713669998390284e-05
13224.0,60,3,2150.85,Loyal Customers,United Kingdom,0.0002598109504659175
13225.0,3,8,6083.04,Champions,United Kingdom,0.0007347980584988237
13226.0,273,1,108.21000000000001,Lost Customers,United Kingdom,1.3071177883123852e-05
13227.0,201,1,257.7,Lost Customers,United Kingdom,3.112875464819348e-05
13228.0,81,1,358.0,At Risk,United Kingdom,4.324444766803751e-05
13229.0,225,1,160.95,Lost Customers,United Kingdom,1.9441882268633062e-05
13230.0,4,15,2712.07,Champions,United Kingdom,0.0003276032658856271
13232.0,12,7,1328.35,Champions,United Kingdom,0.00016045743592133413
13233.0,74,2,605.12,Potential Loyalists,United Kingdom,7.309519601363927e-05
13235.0,211,2,101.17000000000007,Lost Customers,United Kingdom,1.2220784275350161e-05
13236.0,24,3,727.27,Loyal Customers,United Kingdom,8.785024987579228e-05
13238.0,11,5,680.83,Loyal Customers,United Kingdom,8.224055113360329e-05
13239.0,261,1,329.56,Lost Customers,United Kingdom,3.980905076390626e-05
13240.0,96,4,663.65,Potential Loyalists,United Kingdom,8.016530082372372e-05
13242.0,112,3,270.40000000000003,Potential Loyalists,United Kingdom,3.266284538948979e-05
13243.0,203,1,585.12,At Risk,United Kingdom,7.067930508246399e-05
13244.0,92,1,121.74000000000001,Lost Customers,United Kingdom,1.470552809806393e-05
13245.0,50,1,430.5,At Risk,United Kingdom,5.20020522935479e-05
13246.0,18,7,1896.32,Champions,United Kingdom,0.00022906511453031533
13247.0,17,4,501.12,Loyal Customers,United Kingdom,6.053256317152781e-05
13248.0,124,2,465.68,Potential Loyalists,United Kingdom,5.625160444148521e-05
13249.0,92,3,711.41,Potential Loyalists,United Kingdom,8.593444836737028e-05
13253.0,156,2,1030.4,Potential Loyalists,United Kingdom,0.00012446670077415043
13255.0,3,3,390.66,Loyal Customers,United Kingdom,4.718959755864674e-05
13258.0,11,3,672.83,Loyal Customers,United Kingdom,8.127419476113317e-05
13259.0,61,1,283.18,At Risk,United Kingdom,3.420659969451079e-05
13260.0,61,1,557.62,Potential Loyalists,United Kingdom,6.735745505209797e-05
13261.0,268,2,944.1,Potential Loyalists,United Kingdom,0.00011404213140612909
13262.0,263,1,200.29,Lost Customers,United Kingdom,2.4193939730254838e-05
13263.0,1,35,7436.93,Champions,United Kingdom,0.0008983405871392687
13265.0,53,5,2092.66,Loyal Customers,United Kingdom,0.000252781915801663
13266.0,11,19,3717.67,Champions,United Kingdom,0.00044907426190512014
13267.0,2,27,4404.44,Champions,United Kingdom,0.0005320323326452824
13268.0,17,15,3127.7,Champions,United Kingdom,0.0003778091032718461
13269.0,1,17,5312.97,Champions,United Kingdom,0.0006417778020303164
13270.0,366,1,590.0,At Risk,United Kingdom,7.126878246967076e-05
13271.0,37,2,172.37,At Risk,United Kingdom,2.0821355990334148e-05
13272.0,31,2,276.56,Potential Loyalists,United Kingdom,3.340693979629177e-05
13273.0,113,1,138.98,Lost Customers,United Kingdom,1.678802608073702e-05
13276.0,63,2,590.9300000000001,Potential Loyalists,United Kingdom,7.138112139797041e-05
13277.0,15,4,258.4,Loyal Customers,United Kingdom,3.1213310830784615e-05
13278.0,40,1,542.73,Potential Loyalists,United Kingdom,6.555882425383798e-05
13279.0,64,2,126.30000000000001,At Risk,United Kingdom,1.5256351230371894e-05
13280.0,122,3,798.46,Potential Loyalists,United Kingdom,9.64496136453107e-05
13282.0,18,6,1047.8400000000001,Loyal Customers,United Kingdom,0.00012657335766613528
13283.0,59,2,93.66,At Risk,United Kingdom,1.1313617230693836e-05
13284.0,322,2,196.15,Lost Customers,United Kingdom,2.3693850307501556e-05
13285.0,23,4,2709.12,Champions,United Kingdom,0.0003272469219732787
13291.0,155,1,361.11,At Risk,United Kingdom,4.362011870783527e-05
13292.0,38,2,578.9399999999999,Potential Loyalists,United Kingdom,6.993279478473082e-05
13294.0,189,2,873.74,At Risk,United Kingdom,0.00010554302711025445
13295.0,359,2,197.95000000000002,Lost Customers,United Kingdom,2.3911280491307334e-05
13296.0,137,1,87.4,Lost Customers,United Kingdom,1.0557443369235974e-05
13297.0,7,4,2089.85,Champions,United Kingdom,0.0002524424831258329
13298.0,1,1,360.0,Potential Loyalists,United Kingdom,4.3486036761155037e-05
13299.0,268,1,142.5,Lost Customers,United Kingdom,1.721322288462387e-05
13300.0,164,2,365.29,At Risk,United Kingdom,4.41250399124509e-05
13301.0,103,4,618.09,Potential Loyalists,United Kingdom,7.466190128250644e-05
13302.0,155,1,63.75,Lost Customers,United Kingdom,7.700652343121205e-06
13304.0,351,1,300.42,Lost Customers,United Kingdom,3.628909767718388e-05
13305.0,4,10,2000.86,Champions,United Kingdom,0.0002416929764275685
13307.0,120,1,15.0,Lost Customers,United Kingdom,1.81191819838146e-06
13308.0,22,4,1367.6100000000001,Loyal Customers,United Kingdom,0.00016519982981923122
13309.0,7,5,1456.79,Champions,United Kingdom,0.00017597228748134178
13310.0,8,6,1083.63,Champions,United Kingdom,0.00013089659448747344
13311.0,4,2,598.57,Loyal Customers,United Kingdom,7.230399173367937e-05
13313.0,22,5,1555.32,Loyal Customers,United Kingdom,0.0001878741741537768
13314.0,1,4,593.51,Loyal Customers,United Kingdom,7.169277132809202e-05
13316.0,37,5,5570.6900000000005,Loyal Customers,United Kingdom,0.0006729089725694411
13317.0,64,9,2140.07,Champions,United Kingdom,0.00025850878525401406
13318.0,1,3,640.76,Loyal Customers,United Kingdom,7.740031365299362e-05
13319.0,5,36,10664.34,Champions,United Kingdom,0.0012881941146484892
13320.0,70,6,1475.2,Loyal Customers,United Kingdom,0.00017819611508348865
13321.0,72,2,567.36,Potential Loyalists,United Kingdom,6.853399393558034e-05
13322.0,17,1,199.48000000000002,At Risk,United Kingdom,2.4096096147542243e-05
13323.0,3,5,787.85,Loyal Customers,United Kingdom,9.51679835063222e-05
13324.0,32,12,7072.8,Champions,United Kingdom,0.000854355668900826
13325.0,81,1,675.3,At Risk,United Kingdom,8.157255729113332e-05
13327.0,38,9,3617.57,Champions,United Kingdom,0.00043698272779458787
13328.0,316,1,1308.48,At Risk,United Kingdom,0.0001580572482812115
13329.0,31,4,740.4,Loyal Customers,United Kingdom,8.943628227210886e-05
13330.0,92,3,1140.93,Potential Loyalists,United Kingdom,0.0001378181220052906
13332.0,14,1,350.9,Potential Loyalists,United Kingdom,4.2386806387470284e-05
13334.0,82,3,3502.32,Loyal Customers,United Kingdom,0.00042306115630369033
13336.0,77,1,795.12,At Risk,United Kingdom,9.604615985980443e-05
13338.0,154,3,431.82,Potential Loyalists,United Kingdom,5.2161501095005466e-05
13339.0,200,1,860.12,At Risk,United Kingdom,0.00010389780538612408
13340.0,45,7,10736.48,Champions,United Kingdom,0.0012969082332372384
13341.0,260,1,775.85,At Risk,United Kingdom,9.371844894761704e-05
13343.0,172,2,303.93,At Risk,United Kingdom,3.671308653560514e-05
13344.0,67,3,2511.69,Loyal Customers,United Kingdom,0.00030339845464618195
13345.0,276,2,377.6,At Risk,United Kingdom,4.561202078058928e-05
13347.0,70,1,341.36,At Risk,United Kingdom,4.1234426413299675e-05
13348.0,64,1,233.76,At Risk,United Kingdom,2.823693320357667e-05
13349.0,10,1,247.32,Potential Loyalists,United Kingdom,2.987490725491351e-05
13350.0,16,3,910.72,Loyal Customers,United Kingdom,0.00011001000944199754
13351.0,66,1,373.94,At Risk,United Kingdom,4.516991274018421e-05
13352.0,7,2,389.28,Potential Loyalists,United Kingdom,4.702290108439564e-05
13354.0,71,1,743.53,Potential Loyalists,United Kingdom,8.981436920283778e-05
13355.0,122,1,674.7,At Risk,United Kingdom,8.150008056319807e-05
13356.0,80,1,768.24,At Risk,United Kingdom,9.279920244830484e-05
13357.0,257,1,609.4,At Risk,United Kingdom,7.361219667291077e-05
13358.0,268,1,439.03,Lost Customers,United Kingdom,5.303242977569415e-05
13359.0,59,2,431.26,Potential Loyalists,United Kingdom,5.2093856148932555e-05
13362.0,3,5,3085.4900000000002,Champions,United Kingdom,0.0003727103654616007
13363.0,17,2,992.5,Loyal Customers,United Kingdom,0.00011988858745957326
13364.0,66,2,0.0,At Risk,United Kingdom,0.0
13365.0,8,3,2191.22,Champions,United Kingdom,0.0002646874263104948
13366.0,50,1,56.160000000000004,At Risk,United Kingdom,6.783821734740186e-06
13368.0,256,2,623.4,At Risk,United Kingdom,7.530332032473347e-05
13369.0,354,2,263.75,At Risk,United Kingdom,3.1859561654874005e-05
13370.0,366,2,721.32,At Risk,United Kingdom,8.713152232376764e-05
13372.0,89,1,378.64,At Risk,United Kingdom,4.57376471090104e-05
13373.0,60,3,3312.25,Loyal Customers,United Kingdom,0.000400101736839266
13375.0,81,2,772.9,Potential Loyalists,United Kingdom,9.336210503526868e-05
13376.0,99,3,1019.76,Potential Loyalists,United Kingdom,0.00012318144679876515
13379.0,26,3,572.56,Loyal Customers,United Kingdom,6.91621255776859e-05
13381.0,21,7,3626.81,Champions,United Kingdom,0.00043809886940479083
13382.0,280,1,222.99,Lost Customers,United Kingdom,2.6935975937138783e-05
13384.0,30,9,4122.28,Champions,United Kingdom,0.0004979489433882616
13385.0,329,1,534.57,At Risk,United Kingdom,6.457314075391847e-05
13388.0,121,3,627.15,Potential Loyalists,United Kingdom,7.575629987432883e-05
13389.0,11,3,797.96,Loyal Customers,United Kingdom,9.638921637203132e-05
13390.0,74,1,544.08,At Risk,United Kingdom,6.572189689169232e-05
13391.0,203,1,59.8,Lost Customers,United Kingdom,7.223513884214086e-06
13394.0,1,10,2312.8,Champions,United Kingdom,0.0002793736272811094
13395.0,185,1,307.72,Lost Customers,United Kingdom,3.7170897867062856e-05
13396.0,21,4,1325.29,Loyal Customers,United Kingdom,0.00016008780460886432
13397.0,72,6,1539.18,Loyal Customers,United Kingdom,0.00018592455017231837
13398.0,192,1,457.34,Lost Customers,United Kingdom,5.524417792318512e-05
13402.0,127,2,621.23,Potential Loyalists,United Kingdom,7.504119615870095e-05
13403.0,17,1,75.0,At Risk,United Kingdom,9.059590991907299e-06
13404.0,1,2,252.49,Potential Loyalists,United Kingdom,3.049941506062232e-05
13405.0,74,3,572.451,Potential Loyalists,United Kingdom,6.914895897211101e-05
13408.0,1,81,27487.41,Champions,United Kingdom,0.003320329227024835
13410.0,8,7,988.91,Champions,United Kingdom,0.0001194549350374273
13411.0,107,1,213.55,Lost Customers,United Kingdom,2.579567541762405e-05
13414.0,133,3,1390.5,Potential Loyalists,United Kingdom,0.00016796481698996133
13416.0,43,2,712.5,Potential Loyalists,United Kingdom,8.606611442311935e-05
13417.0,4,2,640.83,Loyal Customers,United Kingdom,7.740876927125274e-05
13418.0,11,23,5845.44,Champions,United Kingdom,0.0007060972742364614
13419.0,63,1,221.06,At Risk,United Kingdom,2.6702842462280367e-05
13420.0,134,4,140.35,Potential Loyalists,United Kingdom,1.6953514609522525e-05
13421.0,40,3,1831.61,Loyal Customers,United Kingdom,0.0002212484994224977
13422.0,51,2,2601.55,Loyal Customers,United Kingdom,0.00031425305259995246
13425.0,108,3,1624.21,Potential Loyalists,United Kingdom,0.00019619571046621006
13426.0,0,12,3550.7000000000003,Champions,United Kingdom,0.0004289051964662033
13427.0,19,3,582.6,Loyal Customers,United Kingdom,7.03749028251359e-05
13428.0,10,1,201.78,Potential Loyalists,United Kingdom,2.43739236046274e-05
13429.0,10,4,1006.8,Champions,United Kingdom,0.00012161594947536357
13430.0,18,4,648.6899999999999,Loyal Customers,United Kingdom,7.835821440720461e-05
13431.0,67,2,1269.1,Potential Loyalists,United Kingdom,0.00015330035903772738
13434.0,74,2,534.24,Potential Loyalists,United Kingdom,6.453327855355407e-05
13435.0,5,9,3794.4900000000002,Champions,United Kingdom,0.0004583536989717644
13436.0,1,1,196.89,Potential Loyalists,United Kingdom,2.378323827195504e-05
13437.0,14,7,3408.06,Champions,United Kingdom,0.0004116750623450612
13439.0,255,1,283.71,Lost Customers,United Kingdom,3.427062080418693e-05
13441.0,91,1,296.64,At Risk,United Kingdom,3.583249429119175e-05
13447.0,23,4,1104.23,Loyal Customers,United Kingdom,0.00013338496214658396
13448.0,16,10,3460.9900000000002,Champions,United Kingdom,0.0004180687176944166
13449.0,23,1,291.88,Potential Loyalists,United Kingdom,3.5257512249572036e-05
13450.0,26,6,2043.7199999999998,Champions,United Kingdom,0.0002468702306930771
13451.0,26,6,2838.56,Champions,United Kingdom,0.00034288256807984513
13452.0,259,2,590.0,At Risk,United Kingdom,7.126878246967076e-05
13453.0,165,2,356.97999999999996,At Risk,United Kingdom,4.3121237230547566e-05
13455.0,24,4,1007.35,Loyal Customers,United Kingdom,0.00012168238647597091
13456.0,17,7,1737.8200000000002,Champions,United Kingdom,0.00020991917890075126
13458.0,7,22,9537.92,Champions,United Kingdom,0.0011521287215137661
13460.0,29,2,183.44,Potential Loyalists,United Kingdom,2.2158551620739667e-05
13461.0,38,3,1445.0,Loyal Customers,United Kingdom,0.00017454811977741396
13462.0,183,2,143.25,Lost Customers,United Kingdom,1.730381879454294e-05
13464.0,58,1,674.68,Potential Loyalists,United Kingdom,8.149766467226689e-05
13466.0,100,2,297.95,At Risk,United Kingdom,3.599073514718373e-05
13467.0,10,2,1071.91,Loyal Customers,United Kingdom,0.00012948088240180471
13468.0,1,41,5656.75,Champions,United Kingdom,0.0006833045512462882
13470.0,99,2,165.0,At Risk,United Kingdom,1.9931100182196058e-05
13471.0,1,4,2501.84,Champions,United Kingdom,0.0003022086283625781
13473.0,60,3,417.54,Potential Loyalists,United Kingdom,5.043655497014632e-05
13474.0,236,1,226.84,Lost Customers,United Kingdom,2.7401034941390023e-05
13475.0,191,4,1431.78,Potential Loyalists,United Kingdom,0.0001729512158719071
13476.0,178,4,1092.77,Loyal Customers,United Kingdom,0.0001320006566430205
13477.0,37,8,1441.53,Loyal Customers,United Kingdom,0.00017412896270085505
13479.0,198,3,291.0,At Risk,United Kingdom,3.515121304860032e-05
13481.0,45,8,1776.81,Loyal Customers,United Kingdom,0.00021462895827107744
13482.0,232,1,184.64,Lost Customers,United Kingdom,2.230350507661018e-05
13483.0,65,1,140.34,At Risk,United Kingdom,1.6952306664056937e-05
13484.0,241,1,313.8,Lost Customers,United Kingdom,3.790532871014014e-05
13485.0,233,1,454.24,Lost Customers,United Kingdom,5.4869714828852956e-05
13486.0,78,3,1122.41,Potential Loyalists,United Kingdom,0.0001355810070030223
13487.0,57,3,575.4,Potential Loyalists,United Kingdom,6.95051820899128e-05
13488.0,17,17,8910.61,Champions,United Kingdom,0.001076353094511988
13489.0,105,4,449.52,Potential Loyalists,United Kingdom,5.4299564569095585e-05
13491.0,51,10,1215.82,Loyal Customers,United Kingdom,0.00014686442559707643
13492.0,136,3,1269.84,Potential Loyalists,Switzerland,0.00015338974700218085
13493.0,275,2,618.63,At Risk,Switzerland,7.472713033764816e-05
13494.0,311,1,316.26000000000005,Lost Customers,United Kingdom,3.8202483294674704e-05
13495.0,7,6,1990.1200000000001,Champions,United Kingdom,0.0002403956429975274
13496.0,10,3,617.93,Loyal Customers,United Kingdom,7.464257415505703e-05
13497.0,282,3,321.05,At Risk,United Kingdom,3.878108917269118e-05
13499.0,17,7,1146.96,Champions,United Kingdom,0.00013854651312103996
13500.0,23,4,1136.77,Loyal Customers,United Kingdom,0.00013731561669160614
13501.0,242,2,1310.47,Potential Loyalists,Switzerland,0.00015829762942886345
13502.0,16,3,292.0,Potential Loyalists,United Kingdom,3.5272007595159084e-05
13503.0,71,1,216.85,At Risk,United Kingdom,2.619429742126797e-05
13504.0,64,1,295.93,At Risk,United Kingdom,3.5746730163135025e-05
13505.0,67,8,4282.88,Champions,Switzerland,0.0005173485475655991
13506.0,312,3,452.82,At Risk,United Kingdom,5.469818657273951e-05
13507.0,3,4,2479.16,Champions,United Kingdom,0.00029946900804662534
13508.0,243,1,110.97,Lost Customers,United Kingdom,1.340457083162604e-05
13509.0,8,7,979.72,Champions,United Kingdom,0.00011834483315455226
13510.0,1,5,1785.16,Champions,United Kingdom,0.00021563759273484314
13512.0,260,1,251.21,Lost Customers,United Kingdom,3.0344798041027104e-05
13513.0,126,1,205.1,Lost Customers,United Kingdom,2.4774961499202492e-05
13514.0,73,1,152.20000000000002,Lost Customers,United Kingdom,1.8384929986243883e-05
13515.0,72,4,891.12,Potential Loyalists,United Kingdom,0.00010764243632944577
13516.0,21,3,1389.41,Loyal Customers,United Kingdom,0.00016783315093421228
13517.0,59,5,2109.07,Loyal Customers,United Kingdom,0.00025476415431069236
13518.0,85,1,627.16,At Risk,United Kingdom,7.575750781979442e-05
13519.0,50,2,110.80000000000001,At Risk,United Kingdom,1.3384035758711052e-05
13520.0,58,8,3487.75,Champions,Switzerland,0.0004213011797603291
13521.0,1,3,1071.73,Loyal Customers,United Kingdom,0.00012945913938342414
13522.0,30,1,125.80000000000001,At Risk,United Kingdom,1.5195953957092512e-05
13523.0,33,6,3755.38,Loyal Customers,United Kingdom,0.00045362942425585114
13524.0,40,5,680.1800000000001,Loyal Customers,United Kingdom,8.216203467834009e-05
13525.0,14,2,628.78,Potential Loyalists,United Kingdom,7.595319498521962e-05
13527.0,33,8,2218.61,Champions,United Kingdom,0.0002679959889407394
13529.0,78,2,307.76,At Risk,United Kingdom,3.7175729648925205e-05
13531.0,205,2,483.8,At Risk,United Kingdom,5.844040162513002e-05
13532.0,33,1,210.31,At Risk,United Kingdom,2.5404301086773656e-05
13533.0,182,3,269.09,At Risk,United Kingdom,3.25046045334978e-05
13534.0,2,43,5613.08,Champions,United Kingdom,0.0006780294533980669
13536.0,1,7,3444.39,Champions,United Kingdom,0.0004160635282215411
13538.0,43,7,1280.85,Loyal Customers,United Kingdom,0.00015471969495979283
13539.0,85,4,605.84,Potential Loyalists,United Kingdom,7.318216808716159e-05
13544.0,39,2,276.06,Potential Loyalists,United Kingdom,3.3346542523012384e-05
13546.0,12,3,621.09,Loyal Customers,United Kingdom,7.502428492218274e-05
13548.0,96,2,678.16,Potential Loyalists,United Kingdom,8.191802969429139e-05
13549.0,25,8,916.12,Champions,United Kingdom,0.00011066229999341487
13551.0,319,1,91.80000000000001,Lost Customers,United Kingdom,1.1088939374094535e-05
13552.0,66,16,3539.53,Champions,United Kingdom,0.00042755592138114194
13555.0,73,4,4098.88,Loyal Customers,United Kingdom,0.0004951223509987865
13557.0,28,2,584.06,Potential Loyalists,United Kingdom,7.055126286311169e-05
13558.0,5,4,594.52,Loyal Customers,United Kingdom,7.181477382011637e-05
13560.0,7,1,171.42000000000002,Potential Loyalists,United Kingdom,2.0706601171103324e-05
13561.0,215,1,141.85999999999999,Lost Customers,United Kingdom,1.7135914374826256e-05
13562.0,81,3,1799.33,Potential Loyalists,United Kingdom,0.0002173492514595808
13563.0,84,2,777.53,Potential Loyalists,United Kingdom,9.392138378583576e-05
13564.0,144,5,623.3900000000001,Potential Loyalists,United Kingdom,7.53021123792679e-05
13565.0,19,2,240.22,Potential Loyalists,United Kingdom,2.9017265974346287e-05
13566.0,40,2,856.84,Potential Loyalists,United Kingdom,0.00010350159927341134
13568.0,173,1,187.05,Lost Customers,United Kingdom,2.2594619933816806e-05
13569.0,17,2,338.62,Potential Loyalists,United Kingdom,4.0903449355728663e-05
13570.0,243,1,239.49,Lost Customers,United Kingdom,2.8929085955358388e-05
13571.0,12,12,2088.94,Champions,United Kingdom,0.00025233256008846445
13572.0,205,1,1384.25,At Risk,United Kingdom,0.00016720985107396906
13573.0,50,2,290.25,Potential Loyalists,United Kingdom,3.506061713868125e-05
13575.0,23,5,732.0699999999999,Loyal Customers,United Kingdom,8.843006369927435e-05
13576.0,10,20,6703.3,Champions,United Kingdom,0.0008097220839473626
13577.0,25,5,1658.3,Loyal Customers,United Kingdom,0.0002003135965583983
13579.0,14,2,467.04,Potential Loyalists,United Kingdom,5.641588502480514e-05
13581.0,309,1,118.0,Lost Customers,United Kingdom,1.4253756493934151e-05
13583.0,155,1,781.03,At Risk,United Kingdom,9.434416469879143e-05
13584.0,306,1,142.4,Lost Customers,United Kingdom,1.7201143429967993e-05
13587.0,31,3,347.0,Potential Loyalists,United Kingdom,4.19157076558911e-05
13588.0,15,13,2445.12,Champions,United Kingdom,0.000295357161681765
13589.0,14,2,379.65,Potential Loyalists,United Kingdom,4.585964960103474e-05
13590.0,11,7,1976.12,Champions,United Kingdom,0.0002387045193457047
13591.0,64,3,1117.13,Loyal Customers,United Kingdom,0.00013494321179719203
13592.0,35,4,247.95999999999998,Potential Loyalists,United Kingdom,2.9952215764711115e-05
13593.0,108,6,1965.0800000000002,Loyal Customers,United Kingdom,0.00023737094755169595
13594.0,52,1,396.97,At Risk,United Kingdom,4.795181114743254e-05
13596.0,5,2,664.11,Loyal Customers,United Kingdom,8.022086631514076e-05
13598.0,47,2,147.29,At Risk,United Kingdom,1.7791828762640345e-05
13599.0,1,33,5026.85,Champions,United Kingdom,0.0006072160663689228
13600.0,312,1,219.52,Lost Customers,United Kingdom,2.6516818860579873e-05
13601.0,45,2,693.32,Potential Loyalists,United Kingdom,8.374927502012225e-05
13602.0,64,1,428.89,At Risk,United Kingdom,5.1807573073588286e-05
13603.0,26,1,164.34,At Risk,United Kingdom,1.9851375781467274e-05
13606.0,29,3,276.75,Potential Loyalists,United Kingdom,3.3429890760137934e-05
13607.0,40,1,675.51,Potential Loyalists,United Kingdom,8.159792414591066e-05
13610.0,12,9,1065.88,Champions,United Kingdom,0.00012875249128605537
13611.0,89,4,1140.8,Loyal Customers,United Kingdom,0.00013780241871423794
13614.0,24,4,1585.46,Loyal Customers,United Kingdom,0.00019151492178705795
13615.0,312,2,399.99,At Risk,United Kingdom,4.8316610678040006e-05
13617.0,40,3,544.18,Potential Loyalists,United Kingdom,6.573397634634819e-05
13618.0,173,1,177.34,Lost Customers,United Kingdom,2.1421704886731206e-05
13621.0,116,1,213.85,Lost Customers,United Kingdom,2.5831913781591678e-05
13623.0,30,7,652.4,Loyal Customers,United Kingdom,7.880636217493763e-05
13626.0,252,1,257.23,Lost Customers,United Kingdom,3.1071981211310866e-05
13627.0,59,7,1624.02,Loyal Customers,United Kingdom,0.00019617275950236388
13629.0,23,11,7792.36,Champions,United Kingdom,0.0009412745928226501
13630.0,5,11,1995.68,Champions,United Kingdom,0.00024106726067639413
13631.0,99,12,3021.77,Loyal Customers,United Kingdom,0.00036501333695487624
13632.0,24,6,2114.68,Champions,United Kingdom,0.00025544181171688703
13634.0,33,5,1547.3600000000001,Loyal Customers,United Kingdom,0.00018691264956316906
13635.0,67,1,1071.03,Potential Loyalists,United Kingdom,0.000129374583200833
13636.0,36,6,941.62,Loyal Customers,United Kingdom,0.00011374256093066335
13637.0,52,3,804.3,Potential Loyalists,United Kingdom,9.715505379721388e-05
13638.0,15,1,122.64,At Risk,United Kingdom,1.4814243189966816e-05
13639.0,74,1,1033.34,Potential Loyalists,United Kingdom,0.00012482183674103318
13642.0,215,1,312.28,Lost Customers,United Kingdom,3.7721720999370816e-05
13643.0,31,3,519.44,Loyal Customers,United Kingdom,6.274551926448437e-05
13644.0,8,5,2597.52,Champions,United Kingdom,0.00031376625057732066
13645.0,120,1,252.1,At Risk,United Kingdom,3.04523051874644e-05
13647.0,9,5,1640.22,Champions,United Kingdom,0.00019812963115661586
13649.0,256,2,346.6,At Risk,United Kingdom,4.18673898372676e-05
13650.0,16,7,1809.34,Champions,United Kingdom,0.00021855840487063402
13651.0,35,2,94.2,At Risk,United Kingdom,1.1378846285835569e-05
13652.0,45,3,1095.08,Loyal Customers,United Kingdom,0.00013227969204557125
13654.0,43,6,2707.33,Loyal Customers,United Kingdom,0.0003270306997349385
13655.0,114,2,932.97,Potential Loyalists,United Kingdom,0.00011269768810293005
13656.0,164,2,379.65,At Risk,United Kingdom,4.585964960103474e-05
13657.0,10,2,382.14,Potential Loyalists,United Kingdom,4.616042802196607e-05
13658.0,9,7,2421.47,Champions,United Kingdom,0.0002925003706556502
13659.0,197,3,1540.65,Potential Loyalists,United Kingdom,0.00018610211815575975
13662.0,85,7,862.58,Loyal Customers,United Kingdom,0.00010419495997065864
13663.0,179,1,189.47,Lost Customers,United Kingdom,2.2886942736489013e-05
13666.0,60,3,84.65,Potential Loyalists,United Kingdom,1.0225258366199372e-05
13667.0,149,1,299.05,At Risk,United Kingdom,3.6123609148398375e-05
13668.0,2,29,6162.31,Champions,United Kingdom,0.000744373442204537
13669.0,50,2,218.55,At Risk,United Kingdom,2.639964815041787e-05
13670.0,75,1,349.7,At Risk,United Kingdom,4.224185293159976e-05
13672.0,301,6,-71.46,At Risk,United Kingdom,-8.631978297089274e-06
13673.0,18,2,387.44,Potential Loyalists,United Kingdom,4.680063911872752e-05
13675.0,151,2,486.82000000000005,Potential Loyalists,United Kingdom,5.880520115573749e-05
13678.0,151,1,232.6,Lost Customers,United Kingdom,2.8096811529568504e-05
13680.0,1,5,2199.01,Champions,United Kingdom,0.00026562841582818765
13681.0,17,4,827.83,Loyal Customers,United Kingdom,9.99973494777416e-05
13682.0,187,1,59.5,Lost Customers,United Kingdom,7.187275520246458e-06
13684.0,285,2,62.13,Lost Customers,United Kingdom,7.504965177696007e-06
13685.0,2,7,3119.44,Champions,United Kingdom,0.00037681134031727074
13686.0,182,1,72.0,Lost Customers,United Kingdom,8.697207352231007e-06
13689.0,63,1,910.0,Potential Loyalists,United Kingdom,0.00010992303736847523
13690.0,59,1,172.25,At Risk,United Kingdom,2.0806860644747096e-05
13692.0,24,5,1466.8700000000001,Loyal Customers,United Kingdom,0.00017718989651065414
13693.0,325,2,-32.0,Lost Customers,United Kingdom,-3.8654254898804474e-06
13694.0,3,60,62690.54,Champions,United Kingdom,0.0075726753528240565
13695.0,31,15,2504.13,Champions,United Kingdom,0.0003024852478741977
13697.0,38,1,151.29999999999998,At Risk,United Kingdom,1.827621489434099e-05
13699.0,155,1,308.58000000000004,At Risk,United Kingdom,3.7274781177103394e-05
13700.0,26,10,2248.63,Champions,United Kingdom,0.0002716222412284335
13703.0,318,1,99.5,Lost Customers,United Kingdom,1.2019057382597017e-05
13704.0,5,10,2295.31,Champions,United Kingdom,0.0002772609306617966
13705.0,7,3,711.86,Loyal Customers,United Kingdom,8.598880591332173e-05
13706.0,302,1,330.79,Lost Customers,United Kingdom,3.995762805617354e-05
13707.0,267,2,806.41,At Risk,United Kingdom,9.740993029045287e-05
13708.0,271,1,285.33,Lost Customers,United Kingdom,3.4466307969612125e-05
13709.0,3,17,6228.71,Champions,United Kingdom,0.0007523942000960389
13710.0,31,1,180.48,At Risk,United Kingdom,2.1800999762925724e-05
13711.0,218,2,252.06,At Risk,United Kingdom,3.044747340560205e-05
13712.0,246,1,228.84,Lost Customers,United Kingdom,2.764262403450755e-05
13715.0,281,8,1051.99,Loyal Customers,United Kingdom,0.00012707465503435412
13716.0,269,1,138.28,Lost Customers,United Kingdom,1.6703469898145885e-05
13717.0,32,7,1432.26,Loyal Customers,United Kingdom,0.0001730091972542553
13718.0,246,2,306.55,At Risk,United Kingdom,3.70295682475891e-05
13719.0,15,5,1041.68,Loyal Customers,United Kingdom,0.00012582926325933327
13720.0,116,4,799.9,Potential Loyalists,United Kingdom,9.662355779235531e-05
13721.0,36,1,524.14,Potential Loyalists,United Kingdom,6.331325363331056e-05
13722.0,120,4,2369.16,Loyal Customers,United Kingdom,0.00028618160792516126
13723.0,217,1,199.85000000000002,Lost Customers,United Kingdom,2.4140790129768985e-05
13725.0,49,11,1809.81,Loyal Customers,United Kingdom,0.00021861517830751664
13726.0,38,2,1079.6599999999999,Potential Loyalists,United Kingdom,0.0001304170401376351
13727.0,28,2,333.48,Potential Loyalists,United Kingdom,4.028256538641662e-05
13728.0,36,6,1016.14,Loyal Customers,United Kingdom,0.00012274417054022245
13730.0,135,2,752.6,Potential Loyalists,United Kingdom,9.090997574012578e-05
13731.0,219,2,610.59,At Risk,United Kingdom,7.37559421833157e-05
13732.0,28,1,491.86,Potential Loyalists,United Kingdom,5.9414005670393656e-05
13735.0,24,8,2764.48,Champions,United Kingdom,0.0003339341080707719
13736.0,5,3,721.9,Loyal Customers,United Kingdom,8.720158316077173e-05
13737.0,200,1,339.59999999999997,Lost Customers,United Kingdom,4.102182801135625e-05
13739.0,18,1,216.9,At Risk,United Kingdom,2.620033714859591e-05
13740.0,240,1,350.75,Lost Customers,United Kingdom,4.236868720548647e-05
13741.0,71,4,666.33,Loyal Customers,United Kingdom,8.048903020850121e-05
13742.0,16,14,3079.27,Champions,United Kingdom,0.0003719590233820052
13743.0,2,8,1340.1499999999999,Champions,United Kingdom,0.00016188281157072755
13744.0,95,2,1080.52,Potential Loyalists,United Kingdom,0.00013052092344767566
13745.0,151,2,291.54,At Risk,United Kingdom,3.521644210374205e-05
13747.0,373,1,79.6,Lost Customers,United Kingdom,9.615245906077612e-06
13748.0,95,5,948.25,Loyal Customers,United Kingdom,0.00011454342877434795
13750.0,53,5,1647.26,Loyal Customers,United Kingdom,0.00019898002476438956
13751.0,288,1,296.25,Lost Customers,United Kingdom,3.5785384418033834e-05
13752.0,124,6,1175.38,Loyal Customers,United Kingdom,0.00014197949413424004
13753.0,287,1,741.26,At Risk,United Kingdom,8.954016558214939e-05
13754.0,151,2,282.59999999999997,At Risk,United Kingdom,3.41365388575067e-05
13755.0,3,10,2101.39,Champions,United Kingdom,0.00025383645219312107
13756.0,2,15,5145.12,Champions,United Kingdom,0.0006215024373904277
13758.0,11,7,3190.55,Champions,United Kingdom,0.00038540104052306446
13759.0,33,2,659.4100000000001,Potential Loyalists,United Kingdom,7.965313194631457e-05
13760.0,54,2,286.79,Potential Loyalists,United Kingdom,3.464266800758793e-05
13761.0,50,2,1070.65,Potential Loyalists,United Kingdom,0.00012932868127314066
13762.0,204,2,3.552713678800501e-15,Lost Customers,United Kingdom,4.291484378838248e-22
13763.0,63,3,1689.46,Loyal Customers,United Kingdom,0.0002040775546291694
13764.0,70,3,1519.42,Loyal Customers,United Kingdom,0.0001835376499323172
13767.0,2,52,16945.71,Champions,United Kingdom,0.0020469493555663122
13769.0,2,16,2771.87,Champions,United Kingdom,0.00033482677976984113
13771.0,64,5,2631.7,Loyal Customers,United Kingdom,0.00031789500817869915
13772.0,33,3,1122.63,Loyal Customers,United Kingdom,0.00013560758180326522
13774.0,81,1,345.0,At Risk,United Kingdom,4.167411856277357e-05
13777.0,0,41,25748.350000000002,Champions,United Kingdom,0.003110260262886351
13778.0,103,1,178.7,Lost Customers,United Kingdom,2.1585985470051124e-05
13780.0,7,2,360.01,Potential Loyalists,United Kingdom,4.348724470662062e-05
13781.0,250,1,127.84,Lost Customers,United Kingdom,1.544237483207239e-05
13782.0,12,6,908.86,Loyal Customers,United Kingdom,0.00010978533158539824
13784.0,9,11,2462.79,Champions,United Kingdom,0.00029749160131945835
13786.0,367,1,230.39999999999998,Lost Customers,United Kingdom,2.783106352713922e-05
13787.0,75,2,309.04,At Risk,United Kingdom,3.7330346668520425e-05
13790.0,4,1,348.8,Potential Loyalists,United Kingdom,4.213313783969688e-05
13791.0,43,3,1047.68,Loyal Customers,United Kingdom,0.00012655403053868586
13792.0,66,2,195.55,At Risk,United Kingdom,2.36213735795663e-05
13798.0,1,63,36352.87,Champions,United Kingdom,0.004391228447759695
13799.0,116,2,688.86,Potential Loyalists,United Kingdom,8.321053134247017e-05
13800.0,309,1,558.32,At Risk,United Kingdom,6.744201123468912e-05
13801.0,66,1,324.8,At Risk,United Kingdom,3.9234068722286546e-05
13802.0,138,6,3906.27,Loyal Customers,United Kingdom,0.000471856113386103
13803.0,255,1,277.07,Lost Customers,United Kingdom,3.3468545015036735e-05
13804.0,30,7,2588.39,Champions,United Kingdom,0.00031266339636723913
13805.0,52,2,924.6,Potential Loyalists,United Kingdom,0.00011168663774823318
13806.0,63,1,256.38,At Risk,United Kingdom,3.096930584673591e-05
13807.0,367,1,112.6,Lost Customers,United Kingdom,1.3601465942516824e-05
13808.0,5,5,1747.66,Champions,United Kingdom,0.00021110779723888947
13809.0,305,1,155.05,Lost Customers,Cyprus,1.8729194443936358e-05
13810.0,28,4,899.51,Loyal Customers,Germany,0.0001086559025750738
13811.0,183,4,591.75,Potential Loyalists,Germany,7.148017292614859e-05
13812.0,42,3,539.0,Potential Loyalists,Germany,6.510826059517379e-05
13813.0,39,5,1353.41,Loyal Customers,Germany,0.00016348454725809679
13814.0,56,3,1562.12,Loyal Customers,Germany,0.00018869557707037638
13815.0,22,5,4014.91,Champions,Germany,0.00048497923292424713
13816.0,23,4,555.04,Loyal Customers,Germany,6.704580512197636e-05
13817.0,29,2,382.98,Potential Loyalists,Germany,4.626189544107544e-05
13819.0,301,3,1140.35,Potential Loyalists,United Kingdom,0.0001377480611682865
13821.0,144,2,385.64,At Risk,United Kingdom,4.658320893492174e-05
13822.0,5,2,632.0,Loyal Customers,United Kingdom,7.634215342513884e-05
13823.0,18,2,957.66,Loyal Customers,United Kingdom,0.00011568010545746592
13824.0,32,5,1698.94,Loyal Customers,United Kingdom,0.0002052226869305465
13826.0,158,2,174.65,At Risk,United Kingdom,2.109676755648813e-05
13827.0,57,3,409.8,Potential Loyalists,United Kingdom,4.9501605179781484e-05
13828.0,22,1,209.49,At Risk,United Kingdom,2.5305249558595468e-05
13829.0,359,1,-102.0,Lost Customers,United Kingdom,-1.2321043748993927e-05
13831.0,16,6,2198.45,Champions,United Kingdom,0.0002655607708821147
13832.0,17,2,40.949999999999996,Potential Loyalists,United Kingdom,4.946536681581385e-06
13833.0,159,1,383.85,At Risk,United Kingdom,4.636698669658156e-05
13835.0,25,4,834.57,Loyal Customers,United Kingdom,0.00010081150472154767
13837.0,211,2,266.59000000000003,At Risk,United Kingdom,3.2202618167100896e-05
13838.0,5,4,674.82,Loyal Customers,United Kingdom,8.151457590878512e-05
13841.0,252,1,85.0,Lost Customers,United Kingdom,1.0267536457494939e-05
13842.0,58,9,3385.62,Champions,United Kingdom,0.0004089644327202825
13844.0,11,1,361.62,Potential Loyalists,United Kingdom,4.368172392658023e-05
13845.0,64,1,312.98,At Risk,United Kingdom,3.780627718196196e-05
13846.0,24,4,847.61,Loyal Customers,United Kingdom,0.00010238666560867395
13848.0,92,3,1255.0,Potential Loyalists,United Kingdom,0.0001515971559312488
13849.0,51,2,1537.95,Potential Loyalists,United Kingdom,0.00018577597288005107
13850.0,88,2,1586.81,Potential Loyalists,United Kingdom,0.00019167799442491228
13851.0,95,3,2651.46,Loyal Customers,United Kingdom,0.00032028190841870035
13853.0,8,2,1056.94,Loyal Customers,United Kingdom,0.00012767258803982002
13854.0,8,29,8025.0199999999995,Champions,United Kingdom,0.0009693786520250121
13856.0,168,5,363.4,Potential Loyalists,United Kingdom,4.389673821945483e-05
13858.0,57,1,216.17,At Risk,United Kingdom,2.611215712960801e-05
13859.0,326,1,201.16,Lost Customers,United Kingdom,2.4299030985760963e-05
13860.0,1,6,1240.0,Champions,United Kingdom,0.00014978523773286734
13862.0,18,10,2187.31,Champions,United Kingdom,0.00026421511963345006
13863.0,245,2,299.56,At Risk,United Kingdom,3.618521436714334e-05
13865.0,58,4,501.56,Loyal Customers,United Kingdom,6.058571277201367e-05
13866.0,74,1,145.67000000000002,Lost Customers,United Kingdom,1.7596141597215153e-05
13867.0,31,3,1005.09,Loyal Customers,United Kingdom,0.0001214093908007481
13868.0,7,2,3192.54,Loyal Customers,United Kingdom,0.0003856414216707164
13869.0,123,4,3083.65,Loyal Customers,United Kingdom,0.0003724881034959326
13870.0,2,10,2751.25,Champions,United Kingdom,0.0003323359962197994
13871.0,22,14,6389.8,Champions,United Kingdom,0.0007718529936011902
13873.0,119,4,381.7,Potential Loyalists,United Kingdom,4.610727842148021e-05
13874.0,358,1,540.45,At Risk,United Kingdom,6.5283412687684e-05
13875.0,53,5,1786.79,Loyal Customers,United Kingdom,0.0002158344878457339
13876.0,63,1,122.7,At Risk,United Kingdom,1.4821490862760341e-05
13877.0,86,1,117.24,Lost Customers,United Kingdom,1.416195263854949e-05
13878.0,54,1,1271.57,Potential Loyalists,United Kingdom,0.00015359872156772751
13880.0,21,13,3219.77,Champions,United Kingdom,0.0003889306571735115
13881.0,3,22,16989.52,Champions,United Kingdom,0.002052241364651052
13882.0,2,6,1131.28,Champions,United Kingdom,0.00013665245463099853
13883.0,1,9,2538.75,Champions,United Kingdom,0.00030666715507606207
13884.0,7,6,781.3000000000001,Loyal Customers,United Kingdom,9.437677922636231e-05
13885.0,189,2,506.8,At Risk,United Kingdom,6.12186761959816e-05
13886.0,71,1,243.56,At Risk,United Kingdom,2.942071975985256e-05
13887.0,204,1,349.55,Lost Customers,United Kingdom,4.2223733749615956e-05
13888.0,119,2,595.67,Potential Loyalists,United Kingdom,7.195368754865894e-05
13889.0,92,1,416.90000000000003,At Risk,United Kingdom,5.035924646034871e-05
13890.0,1,14,1860.8600000000001,Champions,United Kingdom,0.00022478173990934157
13892.0,26,4,632.97,Loyal Customers,United Kingdom,7.645932413530084e-05
13893.0,297,1,821.1,At Risk,United Kingdom,9.918440217940111e-05
13894.0,22,5,535.97,Loyal Customers,United Kingdom,6.474225311910074e-05
13895.0,21,5,2588.12,Champions,United Kingdom,0.00031263078183966825
13897.0,50,1,311.16,At Risk,United Kingdom,3.758643110722501e-05
13898.0,325,1,155.93,Lost Customers,United Kingdom,1.883549364490807e-05
13899.0,16,2,388.52,Potential Loyalists,United Kingdom,4.6931097229010984e-05
13900.0,183,3,740.95,Potential Loyalists,United Kingdom,8.950271927271619e-05
13901.0,72,5,2867.2,Loyal Customers,United Kingdom,0.00034634212389328807
13904.0,37,2,332.64,Potential Loyalists,United Kingdom,4.0181097967307254e-05
13908.0,79,5,2347.05,Loyal Customers,United Kingdom,0.000283510840500747
13911.0,57,9,2580.91,Champions,United Kingdom,0.00031175985315897955
13914.0,3,3,613.95,Loyal Customers,United Kingdom,7.416181185975315e-05
13917.0,49,2,272.04,Potential Loyalists,United Kingdom,3.286094844584616e-05
13918.0,49,2,1212.8400000000001,Potential Loyalists,United Kingdom,0.00014650445784833134
13919.0,53,3,350.15999999999997,Potential Loyalists,Denmark,4.2297418423016794e-05
13922.0,351,1,172.25,Lost Customers,United Kingdom,2.0806860644747096e-05
13923.0,53,1,351.13,At Risk,United Kingdom,4.2414589133178796e-05
13924.0,1,11,1682.08,Champions,United Kingdom,0.00020318609087556573
13925.0,36,6,616.65,Loyal Customers,United Kingdom,7.448795713546181e-05
13926.0,23,1,223.85000000000002,At Risk,United Kingdom,2.703985924717932e-05
13927.0,74,1,348.99,At Risk,United Kingdom,4.2156088803543045e-05
13928.0,10,4,464.57,Loyal Customers,United Kingdom,5.611752249480499e-05
13929.0,169,3,802.85,Potential Loyalists,United Kingdom,9.697990170470367e-05
13930.0,57,2,337.34,Potential Loyalists,United Kingdom,4.0748832336133444e-05
13931.0,85,3,1230.93,Potential Loyalists,United Kingdom,0.00014868963119557936
13932.0,294,1,307.4,Lost Customers,United Kingdom,3.713224361216405e-05
13933.0,109,2,608.7900000000001,Potential Loyalists,United Kingdom,7.353851199950994e-05
13934.0,263,1,922.1,At Risk,United Kingdom,0.00011138465138183628
13936.0,171,2,361.28,At Risk,United Kingdom,4.364065378075025e-05
13937.0,169,1,158.85,Lost Customers,United Kingdom,1.918821372085966e-05
13938.0,35,1,71.66,At Risk,United Kingdom,8.656137206401027e-06
13939.0,23,4,556.75,Loyal Customers,United Kingdom,6.725236379659185e-05
13940.0,17,4,839.14,Loyal Customers,United Kingdom,0.00010136353579932121
13941.0,21,7,4912.41,Champions,United Kingdom,0.0005933923384607378
13946.0,79,3,561.5699999999999,Potential Loyalists,United Kingdom,6.783459351100509e-05
13947.0,65,1,90.6,At Risk,United Kingdom,1.0943985918224016e-05
13948.0,360,1,102.0,Lost Customers,United Kingdom,1.2321043748993927e-05
13949.0,2,6,2427.32,Champions,United Kingdom,0.000293207018753019
13950.0,11,5,728.56,Loyal Customers,United Kingdom,8.800607484085309e-05
13951.0,176,3,674.45,Potential Loyalists,United Kingdom,8.146988192655838e-05
13952.0,211,3,3246.091,Potential Loyalists,United Kingdom,0.00039211009043348474
13953.0,7,7,3515.68,Champions,United Kingdom,0.00042467497144571537
13954.0,1,3,378.59,Loyal Customers,United Kingdom,4.573160738168246e-05
13955.0,154,2,322.96,At Risk,United Kingdom,3.9011806756618415e-05
13956.0,5,5,1019.27,Champions,United Kingdom,0.00012312225747095136
13958.0,372,1,-102.45,Lost Customers,United Kingdom,-1.2375401294945371e-05
13959.0,79,3,594.04,Potential Loyalists,United Kingdom,7.175679243776815e-05
13960.0,21,2,230.22,Potential Loyalists,United Kingdom,2.7809320508758647e-05
13962.0,21,2,169.55,Potential Loyalists,United Kingdom,2.0480715369038435e-05
13963.0,308,4,664.54,Potential Loyalists,United Kingdom,8.027280797016101e-05
13967.0,145,1,80.7,Lost Customers,United Kingdom,9.748119907292255e-06
13969.0,7,20,8956.92,Champions,United Kingdom,0.0010819470899631244
13971.0,8,11,2702.2200000000003,Champions,United Kingdom,0.00032641343960202325
13972.0,70,2,190.25,At Risk,United Kingdom,2.298116248280485e-05
13973.0,287,1,264.7,Lost Customers,United Kingdom,3.1974316474104825e-05
13974.0,49,1,413.59000000000003,At Risk,United Kingdom,4.99594165112392e-05
13975.0,31,7,2438.19,Champions,United Kingdom,0.00029452005547411276
13976.0,206,1,357.98,Lost Customers,United Kingdom,4.3242031777106334e-05
13978.0,14,2,196.79000000000002,Potential Loyalists,United Kingdom,2.377115881729917e-05
13979.0,73,1,869.87,At Risk,United Kingdom,0.00010507555221507203
13980.0,60,1,200.14,At Risk,United Kingdom,2.4175820548271025e-05
13982.0,39,5,1861.11,Loyal Customers,United Kingdom,0.00022481193854598125
13983.0,29,13,2590.46,Champions,United Kingdom,0.00031291344107861575
13984.0,26,6,488.03,Loyal Customers,United Kingdom,5.895136255707359e-05
13985.0,4,16,7024.53,Champions,United Kingdom,0.0008485249161384343
13986.0,17,1,320.46,Potential Loyalists,United Kingdom,3.870982039022151e-05
13988.0,19,9,4098.8,Champions,United Kingdom,0.0004951126874350618
13989.0,65,2,1266.08,Potential Loyalists,United Kingdom,0.0001529355595071199
13990.0,213,1,311.3,Lost Customers,United Kingdom,3.760334234374323e-05
13991.0,12,7,847.54,Loyal Customers,United Kingdom,0.00010237820999041483
13992.0,30,1,76.8,At Risk,United Kingdom,9.277021175713074e-06
13993.0,32,12,3409.66,Champions,United Kingdom,0.0004118683336195552
13994.0,3,6,2274.14,Champions,United Kingdom,0.0002747037101111475
13995.0,15,6,1383.49,Loyal Customers,United Kingdom,0.00016711804721858438
13999.0,10,15,3865.26,Champions,United Kingdom,0.00046690232903172813
14000.0,206,2,633.71,At Risk,United Kingdom,7.654871209975433e-05
14001.0,45,4,2030.3300000000002,Loyal Customers,United Kingdom,0.0002452527917146553
14002.0,134,2,529.73,Potential Loyalists,United Kingdom,6.398849514857405e-05
14004.0,43,7,4582.64,Champions,United Kingdom,0.0005535579208420543
14005.0,9,5,2874.72,Champions,United Kingdom,0.00034725049888341
14006.0,115,3,962.19,Potential Loyalists,United Kingdom,0.00011622730475337713
14009.0,198,3,685.9300000000001,Potential Loyalists,United Kingdom,8.2856603321053e-05
14012.0,277,1,328.8,Lost Customers,United Kingdom,3.97172469085216e-05
14013.0,110,3,473.02,Potential Loyalists,United Kingdom,5.713823641322654e-05
14014.0,77,1,505.18,At Risk,United Kingdom,6.102298903055639e-05
14015.0,52,1,917.34,Potential Loyalists,United Kingdom,0.00011080966934021656
14016.0,154,5,4328.46,Loyal Customers,EIRE,0.0005228543629977475
14019.0,46,4,1398.96,Loyal Customers,United Kingdom,0.00016898673885384848
14020.0,16,2,642.8,Potential Loyalists,United Kingdom,7.764673452797349e-05
14021.0,155,3,631.9,Potential Loyalists,United Kingdom,7.633007397048296e-05
14022.0,225,1,440.0,Lost Customers,United Kingdom,5.314960048585616e-05
14023.0,7,2,584.07,Loyal Customers,United Kingdom,7.055247080857729e-05
14024.0,121,2,327.7,At Risk,United Kingdom,3.9584372907306955e-05
14027.0,60,1,104.82,At Risk,United Kingdom,1.266168437028964e-05
14029.0,63,2,467.66,Potential Loyalists,United Kingdom,5.6490777643671573e-05
14030.0,18,8,2358.84,Champions,United Kingdom,0.0002849350082046749
14031.0,7,23,14634.640000000001,Champions,United Kingdom,0.00176778470285075
14032.0,2,18,2929.84,Champions,United Kingdom,0.0003539086942897291
14034.0,22,4,509.09,Loyal Customers,United Kingdom,6.149529570760115e-05
14035.0,28,5,1428.02,Loyal Customers,United Kingdom,0.00017249702837684615
14036.0,284,1,626.65,At Risk,United Kingdom,7.569590260104946e-05
14037.0,176,2,147.20000000000002,At Risk,United Kingdom,1.7780957253450063e-05
14038.0,78,4,1554.48,Loyal Customers,United Kingdom,0.00018777270673466746
14039.0,33,1,152.2,At Risk,United Kingdom,1.8384929986243876e-05
14040.0,40,15,3487.59,Champions,United Kingdom,0.00042128185263287974
14041.0,266,1,141.41,Lost Customers,United Kingdom,1.7081556828874816e-05
14044.0,26,4,646.42,Loyal Customers,United Kingdom,7.808401078651622e-05
14045.0,109,4,1659.75,Loyal Customers,United Kingdom,0.00020048874865090854
14046.0,284,1,154.99,Lost Customers,United Kingdom,1.872194677114283e-05
14047.0,8,7,1290.01,Champions,United Kingdom,0.00015582617300627114
14048.0,277,2,375.13,At Risk,United Kingdom,4.531365825058913e-05
14049.0,16,6,5536.15,Champions,United Kingdom,0.0006687367289313012
14050.0,31,2,746.36,Potential Loyalists,United Kingdom,9.015621776959909e-05
14051.0,0,26,15477.34,Champions,United Kingdom,0.0018695782672358203
14052.0,19,1,225.36,At Risk,United Kingdom,2.7222259012483053e-05
14053.0,124,2,260.25,At Risk,United Kingdom,3.143678074191833e-05
14054.0,65,1,92.46,At Risk,United Kingdom,1.1168663774823318e-05
14055.0,106,1,725.6400000000001,At Risk,United Kingdom,8.765335476490152e-05
14056.0,1,29,8062.46,Champions,United Kingdom,0.0009739011998481723
14057.0,23,18,6141.099999999999,Champions,United Kingdom,0.0007418113898720255
14059.0,266,1,183.6,Lost Customers,United Kingdom,2.2177878748189067e-05
14060.0,4,20,6135.38,Champions,United Kingdom,0.0007411204450657094
14062.0,9,12,10464.85,Champions,United Kingdom,0.0012640968105554814
14064.0,29,7,1168.92,Champions,United Kingdom,0.0001411991613634704
14066.0,266,1,152.55,Lost Customers,United Kingdom,1.8427208077539446e-05
14067.0,63,2,374.7,Potential Loyalists,United Kingdom,4.5261716595568866e-05
14068.0,320,1,265.85,Lost Customers,United Kingdom,3.2113230202647406e-05
14071.0,3,9,1306.16,Champions,United Kingdom,0.0001577770049331952
14073.0,21,2,139.54,Potential Loyalists,United Kingdom,1.6855671026809927e-05
14075.0,4,3,942.26,Loyal Customers,United Kingdom,0.00011381986944046095
14076.0,129,1,118.67,Lost Customers,United Kingdom,1.4334688840128523e-05
14077.0,40,5,499.41999999999996,Loyal Customers,United Kingdom,6.0327212442377905e-05
14078.0,101,6,1049.37,Loyal Customers,United Kingdom,0.00012675817332237016
14079.0,124,1,375.1,At Risk,United Kingdom,4.5310034414192373e-05
14080.0,32,1,45.599999999999994,At Risk,United Kingdom,5.5082313230796375e-06
14081.0,267,4,891.77,Potential Loyalists,United Kingdom,0.00010772095278470896
14082.0,364,1,182.25,Lost Customers,United Kingdom,2.2014806110334736e-05
14083.0,4,9,1002.9,Champions,United Kingdom,0.0001211448507437844
14085.0,2,19,4408.54,Champions,United Kingdom,0.0005325275902861734
14087.0,2,2,178.72,Potential Loyalists,United Kingdom,2.15884013609823e-05
14088.0,10,14,50415.49,Champions,United Kingdom,0.0060899162540879
14089.0,56,1,158.75,At Risk,United Kingdom,1.9176134266203784e-05
14090.0,324,1,76.32000000000001,Lost Customers,United Kingdom,9.219039793364868e-06
14092.0,7,17,4063.1,Champions,United Kingdom,0.000490800322122914
14093.0,12,1,433.86,Potential Loyalists,United Kingdom,5.2407921969985344e-05
14096.0,4,34,57120.909999999996,Champions,United Kingdom,0.0068998944224739674
14098.0,36,1,147.35,At Risk,United Kingdom,1.7799076435433873e-05
14099.0,16,12,3092.9700000000003,Champions,United Kingdom,0.0003736139086698603
14100.0,137,1,191.95000000000002,Lost Customers,United Kingdom,2.318651321195475e-05
14101.0,73,6,5976.79,Loyal Customers,United Kingdom,0.000721963637926955
14102.0,5,8,1060.33,Champions,United Kingdom,0.0001280820815526542
14104.0,154,2,216.20999999999998,At Risk,United Kingdom,2.611698891147036e-05
14105.0,85,2,1260.33,Potential Loyalists,United Kingdom,0.000152240990864407
14107.0,51,8,2688.48,Champions,United Kingdom,0.0003247537225323058
14108.0,30,3,594.16,Loyal Customers,United Kingdom,7.177128778335521e-05
14109.0,23,2,80.2,Potential Loyalists,United Kingdom,9.687722634012873e-06
14110.0,3,13,5669.65,Champions,United Kingdom,0.0006848628008968962
14111.0,14,5,688.6,Loyal Customers,United Kingdom,8.317912476036489e-05
14112.0,22,12,2774.17,Champions,United Kingdom,0.0003351046072269263
14113.0,3,8,1377.92,Champions,United Kingdom,0.00016644522159425207
14114.0,273,2,386.53,At Risk,United Kingdom,4.669071608135904e-05
14116.0,19,5,1382.74,Loyal Customers,United Kingdom,0.0001670274513086653
14117.0,143,1,90.0,Lost Customers,United Kingdom,1.0871509190288759e-05
14119.0,354,1,-19.9,Lost Customers,United Kingdom,-2.403811476519403e-06
14121.0,3,6,2740.3,Champions,United Kingdom,0.00033101329593498096
14124.0,84,1,419.58000000000004,At Risk,United Kingdom,5.06829758451262e-05
14125.0,10,3,2720.63,Champions,United Kingdom,0.0003286372672041701
14126.0,7,4,643.6300000000001,Loyal Customers,United Kingdom,7.774699400161727e-05
14127.0,122,3,709.71,Potential Loyalists,United Kingdom,8.572909763822039e-05
14128.0,60,2,637.5,Potential Loyalists,United Kingdom,7.700652343121204e-05
14129.0,1,5,1123.8600000000001,Champions,United Kingdom,0.00013575615909553252
14130.0,319,1,480.91,At Risk,United Kingdom,5.8091305385575196e-05
14132.0,2,12,3580.13,Champions,United Kingdom,0.00043246017997142775
14133.0,129,5,590.3399999999999,Potential Loyalists,United Kingdom,7.130985261550072e-05
14135.0,1,15,4690.31,Champions,United Kingdom,0.0005665638696700364
14138.0,1,2,965.8800000000001,Loyal Customers,United Kingdom,0.00011667303663017898
14139.0,46,1,415.82,At Risk,United Kingdom,5.022878835006524e-05
14140.0,3,3,920.05,Loyal Customers,United Kingdom,0.0001111370225613908
14141.0,2,6,879.0300000000001,Loyal Customers,United Kingdom,0.00010618203026155033
14142.0,373,1,311.81,Lost Customers,United Kingdom,3.76649475624882e-05
14143.0,133,1,115.8,Lost Customers,United Kingdom,1.398800849150487e-05
14145.0,46,5,3148.2,Loyal Customers,United Kingdom,0.00038028539147630077
14146.0,8,6,2949.57,Champions,United Kingdom,0.0003562919706933335
14147.0,49,3,468.4,Potential Loyalists,United Kingdom,5.658016560812505e-05
14148.0,233,1,157.2,Lost Customers,United Kingdom,1.8988902719037696e-05
14149.0,212,3,259.43,At Risk,United Kingdom,3.133772921374014e-05
14150.0,35,2,658.64,Potential Loyalists,United Kingdom,7.956012014546431e-05
14152.0,75,3,611.09,Potential Loyalists,United Kingdom,7.381633945659509e-05
14154.0,239,2,1345.62,Potential Loyalists,United Kingdom,0.00016254355774040398
14155.0,266,1,118.75,Lost Customers,United Kingdom,1.4344352403853224e-05
14156.0,9,66,113214.59,Champions,EIRE,0.013675705062886375
14157.0,19,3,392.44,Potential Loyalists,United Kingdom,4.740461185152134e-05
14158.0,40,1,507.66,Potential Loyalists,United Kingdom,6.132255950602213e-05
14159.0,19,14,4615.64,Champions,United Kingdom,0.0005575441408784934
14161.0,215,3,1097.6200000000001,Potential Loyalists,United Kingdom,0.00013258651019383054
14162.0,173,2,289.36,At Risk,United Kingdom,3.495310999224395e-05
14163.0,87,4,2445.91,Loyal Customers,United Kingdom,0.0002954525893735464
14164.0,70,2,1631.77,Potential Loyalists,United Kingdom,0.00019710891723819432
14165.0,275,1,120.44,Lost Customers,United Kingdom,1.4548495187537534e-05
14167.0,39,4,562.59,Loyal Customers,United Kingdom,6.795780394849504e-05
14171.0,98,1,363.79,At Risk,United Kingdom,4.3943848092612755e-05
14173.0,10,4,450.84,Loyal Customers,United Kingdom,5.4459013370553154e-05
14174.0,33,1,134.46,At Risk,United Kingdom,1.6242034730291408e-05
14175.0,51,7,3108.06,Champions,United Kingdom,0.000375436698377432
14176.0,297,5,574.0,Potential Loyalists,United Kingdom,6.933606972473053e-05
14177.0,84,5,544.51,Potential Loyalists,United Kingdom,6.577383854671259e-05
14178.0,8,7,1600.26,Champions,United Kingdom,0.00019330268107612767
14179.0,40,2,701.57,Potential Loyalists,United Kingdom,8.474583002923206e-05
14180.0,10,31,4640.77,Champions,United Kingdom,0.0005605797078335152
14184.0,66,1,452.89,At Risk,United Kingdom,5.470664219099862e-05
14185.0,331,1,197.65,Lost Customers,United Kingdom,2.3875042127339704e-05
14188.0,8,10,2018.91,Champions,United Kingdom,0.0002438733179929542
14189.0,2,24,4604.31,Champions,United Kingdom,0.0005561755386659827
14191.0,1,14,4660.01,Champions,United Kingdom,0.0005629037949093058
14193.0,67,2,853.39,Potential Loyalists,United Kingdom,0.0001030848580877836
14194.0,4,32,11216.75,Champions,United Kingdom,0.001354922230113016
14195.0,201,3,962.7,Potential Loyalists,United Kingdom,0.0001162889099721221
14196.0,106,1,335.52,At Risk,United Kingdom,4.0528986261396495e-05
14198.0,4,7,663.5,Champions,United Kingdom,8.01471816417399e-05
14199.0,218,1,185.39999999999998,Lost Customers,United Kingdom,2.2395308931994842e-05
14201.0,60,9,688.04,Loyal Customers,United Kingdom,8.311147981429197e-05
14204.0,2,1,150.61,Potential Loyalists,United Kingdom,1.8192866657215446e-05
14205.0,10,4,218.78,Loyal Customers,United Kingdom,2.6427430896126386e-05
14206.0,239,2,308.26,At Risk,United Kingdom,3.7236126922204586e-05
14208.0,94,1,151.74,Lost Customers,United Kingdom,1.832936449482685e-05
14209.0,10,7,2067.13,Champions,United Kingdom,0.0002496980310280178
14210.0,91,7,1900.89,Loyal Customers,United Kingdom,0.0002296171456080889
14211.0,53,13,2208.3,Champions,United Kingdom,0.0002667505971657185
14212.0,89,1,1070.48,Potential Loyalists,United Kingdom,0.0001293081462002257
14213.0,371,1,-1192.2,Lost Customers,United Kingdom,-0.00014401125840735843
14214.0,30,7,1000.23,Champions,United Kingdom,0.0001208223293044725
14215.0,11,7,1777.92,Champions,United Kingdom,0.00021476304021775768
14216.0,3,4,1839.3,Champions,United Kingdom,0.0002221774094855346
14217.0,1,24,1925.3600000000001,Champions,United Kingdom,0.00023257298816238184
14218.0,42,1,169.48000000000002,At Risk,United Kingdom,2.0472259750779323e-05
14219.0,4,1,89.94,Potential Loyalists,United Kingdom,1.0864261517495233e-05
14220.0,247,2,632.4,At Risk,United Kingdom,7.639047124376235e-05
14221.0,42,10,3427.85,Champions,United Kingdom,0.0004140655864214591
14222.0,177,1,683.17,At Risk,United Kingdom,8.25232103725508e-05
14223.0,92,4,975.23,Loyal Customers,United Kingdom,0.0001178024656405034
14224.0,110,4,1009.73,Loyal Customers,United Kingdom,0.00012196987749678076
14226.0,28,7,2184.2400000000002,Champions,United Kingdom,0.0002638442803755147
14227.0,26,15,3315.71,Champions,United Kingdom,0.00040051968597035935
14229.0,51,5,1450.6,Loyal Customers,United Kingdom,0.00017522456923814303
14231.0,179,5,822.0600000000001,Potential Loyalists,United Kingdom,9.930036494409753e-05
14232.0,31,8,2043.93,Champions,United Kingdom,0.00024689559754785447
14233.0,43,5,1447.51,Loyal Customers,United Kingdom,0.00017485131408927646
14234.0,22,4,754.12,Loyal Customers,United Kingdom,9.10935834508951e-05
14235.0,10,6,3093.86,Champions,United Kingdom,0.00037372141581629755
14236.0,80,2,490.86,Potential Loyalists,United Kingdom,5.9293211123834896e-05
14237.0,373,1,161.0,Lost Customers,United Kingdom,1.9447921995961002e-05
14238.0,326,1,146.85,Lost Customers,United Kingdom,1.7738679162154493e-05
14239.0,43,13,2323.5,Champions,United Kingdom,0.00028066612892928814
14240.0,30,2,890.34,Potential Loyalists,United Kingdom,0.00010754821658312994
14241.0,183,1,213.70000000000002,Lost Customers,United Kingdom,2.5813794599607868e-05
14242.0,234,2,280.55,At Risk,United Kingdom,3.3888910037061236e-05
14243.0,8,14,2535.88,Champions,United Kingdom,0.0003063204747274384
14245.0,176,5,1677.48,Loyal Customers,United Kingdom,0.00020263043596139543
14246.0,110,3,1474.06,Potential Loyalists,United Kingdom,0.00017805840930041163
14247.0,278,1,136.76999999999998,Lost Customers,United Kingdom,1.6521070132842147e-05
14248.0,318,1,302.58,Lost Customers,United Kingdom,3.65500138977508e-05
14250.0,7,3,1904.05,Loyal Customers,United Kingdom,0.00022999885637521456
14251.0,1,5,2879.7000000000003,Champions,United Kingdom,0.0003478520557252727
14256.0,254,3,935.0600000000001,Potential Loyalists,United Kingdom,0.00011295014870523787
14257.0,51,6,3087.27,Loyal Customers,United Kingdom,0.0003729253797544753
14258.0,9,10,12650.08,Champions,United Kingdom,0.0015280606775320892
14259.0,141,1,120.0,Lost Customers,United Kingdom,1.449534558705168e-05
14261.0,50,2,1163.45,Potential Loyalists,United Kingdom,0.00014053841519379398
14262.0,8,8,2618.23,Champions,United Kingdom,0.00031626790563655263
14264.0,154,3,319.47,Potential Loyalists,United Kingdom,3.859023378912834e-05
14265.0,109,2,530.18,Potential Loyalists,Unspecified,6.404285269452548e-05
14267.0,150,7,1279.09,Loyal Customers,United Kingdom,0.00015450709655784943
14270.0,331,1,492.65000000000003,At Risk,United Kingdom,5.9509433362175086e-05
14271.0,225,1,112.32,Lost Customers,United Kingdom,1.356764346948037e-05
14272.0,73,2,437.96,At Risk,United Kingdom,5.290317961087627e-05
14273.0,51,4,559.97,Loyal Customers,United Kingdom,6.764132223651107e-05
14276.0,88,5,1019.39,Loyal Customers,United Kingdom,0.00012313675281653842
14277.0,15,4,3928.8,Champions,France,0.000474577614520072
14280.0,196,1,134.04,Lost Customers,United Kingdom,1.6191301020736723e-05
14282.0,3,15,3701.44,Champions,United Kingdom,0.0004471137664144714
14284.0,30,3,578.45,Loyal Customers,United Kingdom,6.987360545691704e-05
14285.0,21,4,1910.01,Loyal Customers,United Kingdom,0.00023071879187270481
14286.0,23,5,4595.81,Champions,United Kingdom,0.0005551487850202332
14287.0,8,4,151.23000000000002,Loyal Customers,United Kingdom,1.826775927608188e-05
14288.0,212,2,413.85,At Risk,United Kingdom,4.999082309334448e-05
14289.0,8,6,911.26,Champions,United Kingdom,0.00011007523849713927
14290.0,11,6,2307.4500000000003,Champions,United Kingdom,0.00027872737645702
14291.0,1,12,3873.3,Champions,United Kingdom,0.0004678735171860606
14292.0,7,14,4819.33,Champions,United Kingdom,0.0005821487820670481
14293.0,3,4,1046.56,Champions,United Kingdom,0.00012641874064654002
14295.0,40,2,154.70000000000002,At Risk,United Kingdom,1.868691635264079e-05
14297.0,17,6,1284.06,Loyal Customers,United Kingdom,0.0001551074454542465
14298.0,3,45,50862.44,Champions,United Kingdom,0.00614390537667234
14299.0,8,18,2855.35,Champions,United Kingdom,0.00034491070851656674
14300.0,18,1,43.2,At Risk,United Kingdom,5.218324411338605e-06
14301.0,107,2,632.04,Potential Loyalists,United Kingdom,7.634698520700119e-05
14304.0,222,2,197.1,Lost Customers,United Kingdom,2.3808605126732383e-05
14305.0,71,5,1803.76,Loyal Customers,United Kingdom,0.00021788437130083614
14306.0,51,3,2083.42,Loyal Customers,United Kingdom,0.00025166577419146006
14307.0,88,6,2995.72,Loyal Customers,United Kingdom,0.0003618666390170204
14309.0,8,10,2319.68,Champions,United Kingdom,0.00028020469376143365
14311.0,225,2,229.71,Lost Customers,United Kingdom,2.7747715290013676e-05
14312.0,46,6,1611.59,Loyal Customers,United Kingdom,0.00019467128328863844
14314.0,106,1,120.0,Lost Customers,United Kingdom,1.449534558705168e-05
14315.0,21,7,2456.98,Champions,United Kingdom,0.00029678978500395197
14317.0,64,1,508.58000000000004,Potential Loyalists,United Kingdom,6.143369048885619e-05
14320.0,206,3,343.11,At Risk,United Kingdom,4.1445816869777516e-05
14321.0,10,5,1530.75,Champions,United Kingdom,0.00018490625214482797
14323.0,114,4,574.26,Potential Loyalists,United Kingdom,6.936747630683581e-05
14326.0,234,2,166.85,Lost Customers,United Kingdom,2.015457009332977e-05
14327.0,163,1,311.65,At Risk,United Kingdom,3.76456204350388e-05
14329.0,8,14,4889.14,Champions,United Kingdom,0.0005905814493623154
14331.0,124,2,462.65999999999997,At Risk,United Kingdom,5.588680491087774e-05
14332.0,22,3,840.21,Loyal Customers,United Kingdom,0.00010149278596413909
14333.0,64,2,351.45,Potential Loyalists,United Kingdom,4.2453243388077604e-05
14334.0,16,9,2539.46,Champions,United Kingdom,0.0003067529192041188
14335.0,16,2,454.86,Potential Loyalists,Germany,5.494460744771939e-05
14336.0,16,4,1614.91,Loyal Customers,United Kingdom,0.00019507232118321356
14338.0,158,4,554.22,Potential Loyalists,United Kingdom,6.694675359379818e-05
14339.0,234,4,289.90999999999997,Potential Loyalists,United Kingdom,3.5019546992851267e-05
14340.0,218,1,134.7,Lost Customers,United Kingdom,1.6271025421465508e-05
14341.0,45,9,2151.08,Champions,United Kingdom,0.00025983873321162605
14342.0,21,6,607.71,Loyal Customers,United Kingdom,7.340805388922647e-05
14344.0,127,8,889.9300000000001,Loyal Customers,United Kingdom,0.00010749869081904084
14345.0,38,1,108.97999999999999,At Risk,United Kingdom,1.3164189683974099e-05
14346.0,120,2,1021.58,Potential Loyalists,United Kingdom,0.00012340129287350212
14348.0,260,1,409.57,Lost Customers,United Kingdom,4.9473822434072965e-05
14349.0,10,1,133.5,Potential Loyalists,United Kingdom,1.6126071965594994e-05
14350.0,270,2,258.7,At Risk,United Kingdom,3.124954919475224e-05
14351.0,164,1,51.0,Lost Customers,United Kingdom,6.160521874496964e-06
14352.0,157,4,1078.96,Loyal Customers,United Kingdom,0.000130332483955044
14353.0,215,1,90.6,Lost Customers,United Kingdom,1.0943985918224016e-05
14354.0,5,2,163.62,Potential Loyalists,United Kingdom,1.9764403707944965e-05
14355.0,365,1,174.4,Lost Customers,United Kingdom,2.106656891984844e-05
14356.0,60,4,666.9399999999999,Loyal Customers,United Kingdom,8.056271488190205e-05
14357.0,43,1,225.12,At Risk,United Kingdom,2.719326832130895e-05
14359.0,19,6,882.58,Loyal Customers,United Kingdom,0.00010661085090183392
14360.0,31,4,2118.03,Champions,United Kingdom,0.00025584647344785894
14362.0,22,1,151.5,At Risk,United Kingdom,1.8300373803652746e-05
14364.0,108,8,3717.35,Loyal Customers,United Kingdom,0.0004490356076502213
14367.0,8,19,9134.12,Champions,United Kingdom,0.0011033518836133375
14368.0,319,1,155.0,Lost Customers,United Kingdom,1.8723154716608418e-05
14371.0,295,1,100.5,Lost Customers,United Kingdom,1.2139851929155781e-05
14373.0,358,1,76.55,Lost Customers,United Kingdom,9.246822539073383e-06
14375.0,185,1,235.56,Lost Customers,United Kingdom,2.8454363387382447e-05
14377.0,191,2,617.05,At Risk,United Kingdom,7.453627495408532e-05
14379.0,44,2,348.1,Potential Loyalists,United Kingdom,4.204858165710575e-05
14381.0,52,1,202.68,At Risk,United Kingdom,2.4482638696530286e-05
14382.0,26,1,615.49,Potential Loyalists,United Kingdom,7.434783546145365e-05
14383.0,38,3,1247.69,Loyal Customers,United Kingdom,0.00015071414779590424
14385.0,9,3,202.11,Potential Loyalists,United Kingdom,2.441378580499179e-05
14386.0,296,1,142.4,Lost Customers,United Kingdom,1.7201143429967993e-05
14387.0,32,3,1727.6,Loyal Customers,United Kingdom,0.00020868465863492066
14388.0,8,10,3172.04,Champions,United Kingdom,0.00038316513346626173
14389.0,8,5,999.72,Champions,United Kingdom,0.00012076072408572754
14390.0,10,13,4582.22,Champions,United Kingdom,0.0005535071871324996
14393.0,218,1,67.95,Lost Customers,United Kingdom,8.207989438668013e-06
14395.0,2,12,3444.11,Champions,United Kingdom,0.00041602970574850466
14396.0,65,2,487.99,Potential Loyalists,United Kingdom,5.894653077521124e-05
14397.0,0,23,2556.68,Champions,United Kingdom,0.0003088330012958607
14400.0,141,2,559.7,Potential Loyalists,United Kingdom,6.76087077089402e-05
14401.0,4,14,4039.98,Champions,United Kingdom,0.00048800755220647536
14403.0,130,5,1426.31,Loyal Customers,United Kingdom,0.00017229046970223066
14404.0,33,7,1409.72,Loyal Customers,United Kingdom,0.0001702864881748208
14406.0,119,1,156.75,Lost Customers,United Kingdom,1.8934545173086256e-05
14407.0,107,9,2111.08,Loyal Customers,United Kingdom,0.00025500695134927546
14408.0,10,7,2599.03,Champions,United Kingdom,0.0003139486503426244
14409.0,71,7,1908.25,Loyal Customers,United Kingdom,0.0002305061934707614
14410.0,15,15,573.45,Loyal Customers,United Kingdom,6.926963272412322e-05
14411.0,310,1,1063.0,At Risk,United Kingdom,0.00012840460299196613
14412.0,35,3,761.3299999999999,Potential Loyalists,United Kingdom,9.196451213158378e-05
14413.0,362,1,121.05,Lost Customers,United Kingdom,1.462217986093838e-05
14414.0,91,8,1485.1299999999999,Loyal Customers,United Kingdom,0.00017939560493081716
14415.0,1,18,5766.85,Champions,United Kingdom,0.0006966040308224082
14416.0,22,2,490.22,Potential Loyalists,United Kingdom,5.9215902614037286e-05
14418.0,3,3,1937.25,Loyal Customers,United Kingdom,0.00023400923532096554
14419.0,10,6,1051.79,Champions,United Kingdom,0.00012705049612504236
14420.0,85,2,385.87,At Risk,United Kingdom,4.661099168063026e-05
14421.0,57,2,813.11,Potential Loyalists,United Kingdom,9.82192537523966e-05
14422.0,0,6,4263.64,Champions,United Kingdom,0.0005150244604898085
14423.0,218,1,265.2,Lost Customers,United Kingdom,3.2034713747384206e-05
14424.0,17,1,322.08,Potential Loyalists,United Kingdom,3.89055075556467e-05
14426.0,18,16,3918.9,Champions,United Kingdom,0.00047338174850914023
14427.0,50,2,363.34000000000003,Potential Loyalists,United Kingdom,4.3889490546661315e-05
14428.0,7,7,1209.3700000000001,Champions,United Kingdom,0.00014608530077177243
14431.0,298,2,423.26,At Risk,United Kingdom,5.112749977646244e-05
14432.0,9,6,2248.5,Champions,United Kingdom,0.0002716065379373808
14434.0,21,6,1372.8,Loyal Customers,United Kingdom,0.0001658267535158712
14436.0,98,1,89.06,Lost Customers,United Kingdom,1.075796231652352e-05
14437.0,143,2,-43.400000000000006,At Risk,United Kingdom,-5.242483320650358e-06
14438.0,306,1,131.9,Lost Customers,United Kingdom,1.5932800691100972e-05
14439.0,319,1,2661.24,Potential Loyalists,Greece,0.00032146327908404507
14440.0,8,5,2357.6800000000003,Champions,United Kingdom,0.0002847948865306667
14441.0,0,10,1545.14,Champions,United Kingdom,0.0001866444856698086
14442.0,1,5,1544.62,Champions,Channel Islands,0.000186581672505598
14443.0,53,7,1400.88,Loyal Customers,United Kingdom,0.0001692186643832413
14446.0,0,4,1010.35,Champions,United Kingdom,0.0001220447701156472
14447.0,18,5,1163.23,Loyal Customers,United Kingdom,0.00014051184039355104
14448.0,9,2,375.35,Potential Loyalists,United Kingdom,4.534023305083207e-05
14449.0,18,4,885.8,Loyal Customers,United Kingdom,0.00010699980934175313
14450.0,180,3,483.25,Potential Loyalists,United Kingdom,5.83739646245227e-05
14451.0,60,2,643.9,Potential Loyalists,United Kingdom,7.777960852918813e-05
14452.0,10,2,259.05,Potential Loyalists,United Kingdom,3.1291827286047815e-05
14453.0,190,1,119.93,Lost Customers,United Kingdom,1.4486889968792566e-05
14456.0,5,14,3002.5099999999998,Champions,United Kingdom,0.00036268683398815445
14457.0,310,1,113.64,Lost Customers,United Kingdom,1.372709227093794e-05
14459.0,155,1,1837.92,Potential Loyalists,United Kingdom,0.00022201071301128353
14460.0,110,4,383.34,Potential Loyalists,United Kingdom,4.630538147783658e-05
14461.0,148,3,2103.06,Loyal Customers,United Kingdom,0.00025403817908587416
14462.0,63,15,1942.45,Loyal Customers,United Kingdom,0.00023463736696307112
14463.0,98,3,529.62,Potential Loyalists,United Kingdom,6.397520774845258e-05
14465.0,246,3,1038.44,Potential Loyalists,United Kingdom,0.00012543788892848288
14466.0,29,7,2272.4,Champions,United Kingdom,0.0002744935276001353
14467.0,17,4,596.26,Loyal Customers,United Kingdom,7.202495633112861e-05
14470.0,11,2,461.19,Potential Loyalists,United Kingdom,5.570923692743636e-05
14472.0,103,8,1852.67,Loyal Customers,United Kingdom,0.00022379243257302528
14473.0,74,2,234.34000000000003,At Risk,United Kingdom,2.8306994040580758e-05
14474.0,43,2,537.71,Potential Loyalists,United Kingdom,6.4952435630113e-05
14475.0,71,6,799.82,Loyal Customers,United Kingdom,9.661389422863062e-05
14476.0,257,1,193.0,Lost Customers,United Kingdom,2.331334748584145e-05
14477.0,19,5,1307.81,Loyal Customers,United Kingdom,0.00015797631593501713
14479.0,253,2,316.25,At Risk,United Kingdom,3.8201275349209114e-05
14480.0,11,1,279.05,Potential Loyalists,United Kingdom,3.3707718217223095e-05
14481.0,164,2,636.51,Potential Loyalists,United Kingdom,7.688693683011886e-05
14482.0,18,6,2022.81,Champions,United Kingdom,0.00024434441672453337
14483.0,149,2,129.2,At Risk,United Kingdom,1.5606655415392307e-05
14484.0,50,1,321.92,At Risk,United Kingdom,3.8886180428197306e-05
14485.0,38,1,162.8,At Risk,United Kingdom,1.966535217976678e-05
14487.0,26,7,1152.73,Champions,United Kingdom,0.000139243497654684
14488.0,51,2,1047.43,Potential Loyalists,United Kingdom,0.00012652383190204616
14489.0,207,1,463.38,Lost Customers,United Kingdom,5.597377698440006e-05
14491.0,175,2,340.93,At Risk,United Kingdom,4.118248475827941e-05
14493.0,7,7,2362.84,Champions,United Kingdom,0.00028541818639090993
14494.0,25,1,139.56,At Risk,United Kingdom,1.68580869177411e-05
14495.0,50,2,123.8,At Risk,United Kingdom,1.4954364863974982e-05
14496.0,311,2,538.8100000000001,At Risk,United Kingdom,6.508530963132763e-05
14497.0,301,2,457.47,At Risk,United Kingdom,5.5259881214237764e-05
14498.0,42,5,1957.32,Loyal Customers,United Kingdom,0.00023643358187039993
14499.0,26,3,808.44,Loyal Customers,United Kingdom,9.765514321996716e-05
14500.0,88,3,356.85,Potential Loyalists,United Kingdom,4.3105533939494935e-05
14501.0,64,3,190.31,Potential Loyalists,United Kingdom,2.2988410155598376e-05
14502.0,19,14,2310.18,Champions,United Kingdom,0.00027905714556912537
14503.0,3,6,3543.26,Champions,United Kingdom,0.0004280064850398061
14504.0,47,4,673.26,Loyal Customers,United Kingdom,8.132613641615344e-05
14505.0,17,11,5772.49,Champions,United Kingdom,0.0006972853120649996
14506.0,17,5,1960.65,Loyal Customers,United Kingdom,0.00023683582771044062
14507.0,23,7,1352.88,Champions,United Kingdom,0.00016342052614842063
14508.0,22,2,268.05,Potential Loyalists,United Kingdom,3.237897820507669e-05
14511.0,11,6,1267.4099999999999,Champions,United Kingdom,0.00015309621625404305
14512.0,187,2,275.28,At Risk,United Kingdom,3.3252322776696545e-05
14513.0,100,4,438.49,Potential Loyalists,United Kingdom,5.2967200720552426e-05
14514.0,61,3,990.2,Loyal Customers,United Kingdom,0.00011961076000248811
14515.0,17,6,2076.89,Champions,United Kingdom,0.0002508769858024313
14517.0,33,2,330.45,Potential Loyalists,United Kingdom,3.9916557910343557e-05
14518.0,64,1,174.37,At Risk,United Kingdom,2.1062945083451676e-05
14520.0,1,2,270.6,Potential Loyalists,United Kingdom,3.2687004298801536e-05
14522.0,24,4,974.54,Loyal Customers,United Kingdom,0.00011771911740337785
14523.0,108,1,241.09,At Risk,United Kingdom,2.9122357229852412e-05
14524.0,31,9,1843.83,Champions,United Kingdom,0.0002227246087814458
14525.0,8,13,4105.07,Champions,United Kingdom,0.0004958700692419852
14527.0,2,86,7709.69,Champions,United Kingdom,0.0009312885076586371
14528.0,37,1,364.21999999999997,At Risk,United Kingdom,4.3995789747633014e-05
14529.0,60,3,578.61,Potential Loyalists,United Kingdom,6.989293258436643e-05
14530.0,25,6,2862.11,Champions,United Kingdom,0.000345727279651304
14532.0,236,4,932.85,Potential Loyalists,United Kingdom,0.00011268319275734298
14533.0,24,9,1812.6200000000001,Champions,United Kingdom,0.0002189546109833468
14534.0,2,25,4025.6,Champions,United Kingdom,0.0004862705266269603
14535.0,59,4,2831.7400000000002,Loyal Customers,United Kingdom,0.00034205874927231434
14536.0,259,1,170.95,Lost Customers,United Kingdom,2.0649827734220702e-05
14537.0,57,1,355.56,At Risk,United Kingdom,4.2949708974434124e-05
14538.0,64,2,388.25,Potential Loyalists,United Kingdom,4.6898482701440116e-05
14539.0,15,2,537.48,Potential Loyalists,United Kingdom,6.492465288440448e-05
14540.0,9,3,952.66,Loyal Customers,United Kingdom,0.0001150761327246721
14541.0,58,8,1453.35,Loyal Customers,United Kingdom,0.00017555675424117963
14542.0,185,1,103.25,Lost Customers,United Kingdom,1.2472036932192381e-05
14543.0,3,21,2916.17,Champions,United Kingdom,0.0003522574328382708
14544.0,24,2,2004.3,Loyal Customers,United Kingdom,0.00024210850966773065
14546.0,4,9,2482.86,Champions,United Kingdom,0.0002999159478688928
14547.0,3,9,3953.9500000000003,Champions,United Kingdom,0.0004776155973660249
14548.0,150,2,652.8,Potential Loyalists,United Kingdom,7.885467999356112e-05
14549.0,311,1,289.24,Lost Customers,United Kingdom,3.49386146466569e-05
14550.0,10,2,757.37,Loyal Customers,United Kingdom,9.148616572721109e-05
14551.0,18,2,186.23,Potential Loyalists,United Kingdom,2.2495568405638618e-05
14552.0,151,1,164.22,Lost Customers,United Kingdom,1.9836880435880222e-05
14553.0,19,5,859.27,Loyal Customers,United Kingdom,0.00010379513002154913
14554.0,10,4,2279.4900000000002,Champions,United Kingdom,0.00027534996093523696
14555.0,57,2,312.54,Potential Loyalists,United Kingdom,3.77531275814761e-05
14557.0,64,2,0.0,At Risk,United Kingdom,0.0
14560.0,7,24,2174.18,Champions,United Kingdom,0.0002626290872371335
14561.0,75,3,1080.76,Potential Loyalists,United Kingdom,0.00013054991413884978
14562.0,3,22,4676.62,Champions,United Kingdom,0.0005649101923276468
14565.0,95,6,3073.77,Loyal Customers,United Kingdom,0.000371294653375932
14566.0,110,1,1432.0,Potential Loyalists,Channel Islands,0.00017297779067215003
14567.0,35,3,1524.46,Loyal Customers,United Kingdom,0.00018414645444697335
14569.0,1,1,227.39,Potential Loyalists,United Kingdom,2.7467471941997343e-05
14570.0,280,2,218.06,Lost Customers,United Kingdom,2.6340458822604075e-05
14572.0,3,10,2775.39,Champions,United Kingdom,0.000335251976573728
14573.0,179,13,1590.12,Loyal Customers,United Kingdom,0.0001920778243740218
14576.0,372,1,35.400000000000006,Lost Customers,United Kingdom,4.276126948180246e-06
14577.0,12,4,859.71,Loyal Customers,United Kingdom,0.000103848279622035
14578.0,3,1,168.63,Potential Loyalists,United Kingdom,2.0369584386204373e-05
14581.0,16,1,138.6,At Risk,United Kingdom,1.6742124153044687e-05
14582.0,40,1,114.11,At Risk,United Kingdom,1.378386570782056e-05
14583.0,5,5,986.96,Champions,United Kingdom,0.00011921938567163772
14584.0,169,5,1020.06,Loyal Customers,United Kingdom,0.0001232176851627328
14585.0,50,1,157.05,At Risk,United Kingdom,1.8970783537053886e-05
14586.0,227,3,134.16,At Risk,United Kingdom,1.6205796366323778e-05
14587.0,18,10,1577.39,Champions,United Kingdom,0.00019054010979632874
14589.0,371,1,39.75,Lost Customers,United Kingdom,4.8015832257108685e-06
14591.0,15,4,1320.21,Loyal Customers,United Kingdom,0.0001594741683123458
14592.0,35,3,557.94,Potential Loyalists,United Kingdom,6.739610930699679e-05
14593.0,21,3,617.15,Loyal Customers,United Kingdom,7.45483544087412e-05
14594.0,7,2,363.33,Potential Loyalists,United Kingdom,4.388828260119572e-05
14595.0,19,6,1740.6,Loyal Customers,United Kingdom,0.0002102549877401846
14597.0,11,2,866.24,Loyal Customers,United Kingdom,0.00010463706801106372
14598.0,44,1,221.97,At Risk,United Kingdom,2.681276549964884e-05
14600.0,305,1,393.33000000000004,Lost Customers,United Kingdom,4.7512118997958644e-05
14601.0,10,1,213.96,Potential Loyalists,United Kingdom,2.5845201181713145e-05
14603.0,274,1,660.0,At Risk,United Kingdom,7.972440072878423e-05
14606.0,1,128,11633.35,Champions,United Kingdom,0.0014052452382093971
14607.0,15,17,10981.1,Champions,United Kingdom,0.0013264569952164433
14608.0,4,4,1785.15,Champions,United Kingdom,0.00021563638478937756
14609.0,72,4,601.56,Potential Loyalists,United Kingdom,7.266516742789006e-05
14616.0,242,3,406.08000000000004,At Risk,United Kingdom,4.9052249466582886e-05
14618.0,9,4,538.59,Loyal Customers,United Kingdom,6.50587348310847e-05
14619.0,239,2,379.51,At Risk,United Kingdom,4.584273836451652e-05
14620.0,204,3,393.28000000000003,At Risk,United Kingdom,4.7506079270630704e-05
14621.0,1,6,1765.76,Champions,United Kingdom,0.0002132941785316031
14622.0,184,1,320.58000000000004,Lost Customers,United Kingdom,3.872431573580856e-05
14623.0,32,6,866.8000000000001,Loyal Customers,United Kingdom,0.00010470471295713664
14624.0,57,2,225.85,At Risk,United Kingdom,2.7281448340296846e-05
14625.0,185,5,848.48,Potential Loyalists,United Kingdom,0.00010249175686418007
14626.0,8,7,2757.07,Champions,United Kingdom,0.00033303902048077146
14627.0,311,1,-21.85,Lost Customers,United Kingdom,-2.6393608423089935e-06
14628.0,91,2,671.96,Potential Loyalists,United Kingdom,8.116910350562705e-05
14629.0,4,3,935.46,Loyal Customers,United Kingdom,0.00011299846652386136
14631.0,50,3,1006.98,Loyal Customers,United Kingdom,0.00012163769249374417
14632.0,262,1,114.56,Lost Customers,United Kingdom,1.3838223253772003e-05
14633.0,266,1,344.90000000000003,Lost Customers,United Kingdom,4.1662039108117706e-05
14636.0,36,2,609.85,Potential Loyalists,United Kingdom,7.366655421886222e-05
14638.0,50,1,443.6,At Risk,United Kingdom,5.3584460853467706e-05
14639.0,52,8,2952.34,Champions,United Kingdom,0.0003566265715873013
14640.0,15,8,2024.45,Champions,United Kingdom,0.00024454251978088976
14641.0,21,1,110.46,At Risk,United Kingdom,1.334296561288107e-05
14642.0,58,1,96.12,At Risk,United Kingdom,1.1610771815228395e-05
14643.0,170,3,668.61,Potential Loyalists,United Kingdom,8.076444177465519e-05
14644.0,9,4,780.46,Loyal Customers,United Kingdom,9.427531180725295e-05
14645.0,156,2,597.09,Potential Loyalists,United Kingdom,7.21252158047724e-05
14646.0,1,76,279489.02,Champions,Netherlands,0.03376074943905332
14647.0,201,1,236.04000000000002,Lost Customers,United Kingdom,2.8512344769730656e-05
14649.0,4,4,1402.59,Champions,United Kingdom,0.00016942522305785678
14651.0,67,2,653.75,Potential Loyalists,United Kingdom,7.896943481279195e-05
14652.0,77,1,114.18,Lost Customers,United Kingdom,1.3792321326079672e-05
14653.0,1,7,1926.65,Champions,United Kingdom,0.00023272881312744266
14655.0,3,5,1930.15,Champions,United Kingdom,0.00023315159404039832
14656.0,169,2,291.05,At Risk,United Kingdom,3.515725277592826e-05
14657.0,17,5,838.27,Loyal Customers,United Kingdom,0.00010125844454381509
14658.0,5,2,247.15,Potential Loyalists,United Kingdom,2.985437218199852e-05
14659.0,8,12,2456.53,Champions,United Kingdom,0.00029673542745800054
14660.0,86,2,285.74,At Risk,United Kingdom,3.451583373370122e-05
14661.0,26,1,107.95,At Risk,United Kingdom,1.3039771301018573e-05
14662.0,28,4,741.37,Loyal Customers,United Kingdom,8.955345298227086e-05
14664.0,19,2,636.24,Potential Loyalists,United Kingdom,7.6854322302548e-05
14665.0,60,7,1258.38,Loyal Customers,United Kingdom,0.00015200544149861743
14666.0,24,1,195.25,At Risk,United Kingdom,2.358513521559867e-05
14667.0,10,27,9165.04,Champions,United Kingdom,0.0011070868509929345
14669.0,241,3,1259.24,Potential Loyalists,United Kingdom,0.00015210932480865796
14670.0,280,2,392.86,At Risk,United Kingdom,4.745534556107602e-05
14672.0,234,2,765.55,At Risk,United Kingdom,9.247426511806176e-05
14673.0,3,5,1736.4,Champions,United Kingdom,0.0002097476506446378
14675.0,16,1,596.36,Potential Loyalists,United Kingdom,7.20370357857845e-05
14676.0,31,8,2543.2400000000002,Champions,United Kingdom,0.00030720952259011096
14679.0,371,1,-2.55,Lost Customers,United Kingdom,-3.0802609372484813e-07
14680.0,25,23,26932.34,Champions,United Kingdom,0.003253279798066462
14681.0,71,3,498.95,Potential Loyalists,United Kingdom,6.027043900549529e-05
14682.0,187,2,52.0,Lost Customers,United Kingdom,6.281316421055728e-06
14684.0,25,5,1201.51,Loyal Customers,United Kingdom,0.0001451358556358205
14687.0,106,1,628.38,At Risk,United Kingdom,7.590487716659611e-05
14688.0,7,27,5055.61,Champions,United Kingdom,0.0006106901175279528
14689.0,208,1,112.8,Lost Customers,United Kingdom,1.3625624851828578e-05
14690.0,44,3,341.96,Potential Loyalists,United Kingdom,4.130690314123493e-05
14691.0,30,5,2114.33,Champions,United Kingdom,0.0002553995336255915
14692.0,137,5,582.05,Potential Loyalists,United Kingdom,7.030846582452857e-05
14693.0,264,1,172.9,Lost Customers,United Kingdom,2.0885377100010293e-05
14696.0,4,9,2070.97,Champions,United Kingdom,0.00025016188208680344
14697.0,218,2,188.60999999999999,Lost Customers,United Kingdom,2.2783059426448475e-05
14698.0,1,5,1217.27,Champions,United Kingdom,0.00014703957768958664
14699.0,214,1,109.13000000000001,Lost Customers,United Kingdom,1.3182308865957916e-05
14700.0,32,3,2195.1,Loyal Customers,United Kingdom,0.00026515610915114283
14701.0,10,12,2462.94,Champions,United Kingdom,0.0002975097205014422
14702.0,1,18,3210.29,Champions,United Kingdom,0.00038778552487213444
14703.0,14,1,318.17,Potential Loyalists,United Kingdom,3.843320087860194e-05
14704.0,11,9,1493.96,Champions,United Kingdom,0.00018046222077693105
14705.0,198,1,179.0,Lost Customers,United Kingdom,2.1622223834018754e-05
14708.0,2,4,1096.67,Champions,United Kingdom,0.0001324717553745997
14709.0,15,14,4911.14,Champions,United Kingdom,0.0005932389293866082
14710.0,14,4,599.48,Loyal Customers,United Kingdom,7.241391477104784e-05
14711.0,10,12,2809.02,Champions,United Kingdom,0.0003393142971744992
14712.0,29,3,917.07,Loyal Customers,United Kingdom,0.0001107770548126457
14713.0,9,12,2660.1,Champions,United Kingdom,0.0003213255733009681
14714.0,24,1,160.19,At Risk,United Kingdom,1.9350078413248404e-05
14715.0,24,4,867.38,Loyal Customers,United Kingdom,0.00010477477379414071
14716.0,43,2,307.51,Potential Loyalists,United Kingdom,3.714553101228551e-05
14719.0,1,6,1571.89,Champions,United Kingdom,0.00018987573979025555
14720.0,5,3,663.81,Loyal Customers,United Kingdom,8.018462795117312e-05
14722.0,147,1,180.42000000000002,Lost Customers,United Kingdom,2.17937520901322e-05
14723.0,10,6,1122.3600000000001,Champions,United Kingdom,0.00013557496727569437
14725.0,24,1,655.58,Potential Loyalists,United Kingdom,7.91904888329945e-05
14727.0,274,1,268.58,Lost Customers,United Kingdom,3.2442999314752833e-05
14729.0,373,1,313.49,Lost Customers,United Kingdom,3.786788240070692e-05
14730.0,1,8,1897.57,Champions,United Kingdom,0.00022921610771351378
14731.0,47,3,380.02,Potential Loyalists,United Kingdom,4.590434358326149e-05
14732.0,8,10,2686.34,Champions,United Kingdom,0.00032449522220267006
14733.0,9,15,9451.54,Champions,United Kingdom,0.0011416944885820203
14735.0,3,34,5807.6900000000005,Champions,United Kingdom,0.0007015372801038681
14737.0,3,3,1164.55,Loyal Customers,United Kingdom,0.0001406712891950086
14738.0,39,9,1289.94,Loyal Customers,United Kingdom,0.00015581771738801202
14739.0,2,8,3899.1,Champions,United Kingdom,0.0004709900164872767
14740.0,191,4,1423.21,Potential Loyalists,United Kingdom,0.0001719160066078985
14741.0,11,6,1400.34,Champions,United Kingdom,0.00016915343532809956
14744.0,16,9,1088.53,Champions,United Kingdom,0.00013148848776561137
14745.0,112,6,1167.16,Loyal Customers,United Kingdom,0.00014098656296152699
14747.0,247,2,294.3,At Risk,United Kingdom,3.5549835052244246e-05
14748.0,29,6,1311.79,Loyal Customers,United Kingdom,0.00015845707823032102
14752.0,43,1,389.64,At Risk,United Kingdom,4.70663871211568e-05
14753.0,87,1,563.15,At Risk,United Kingdom,6.802544889456793e-05
14754.0,44,2,638.05,Potential Loyalists,United Kingdom,7.707296043181936e-05
14755.0,9,12,4965.38,Champions,United Kingdom,0.0005997908255919556
14756.0,15,1,738.96,Potential Loyalists,United Kingdom,8.926233812506424e-05
14757.0,75,1,420.5,At Risk,United Kingdom,5.079410682796026e-05
14758.0,144,4,1484.06,Loyal Customers,United Kingdom,0.00017926635476599927
14759.0,4,3,1625.97,Loyal Customers,United Kingdom,0.0001964083088681535
14760.0,294,2,53.8,Lost Customers,United Kingdom,6.498746604861502e-06
14761.0,58,2,255.9,Potential Loyalists,United Kingdom,3.0911324464387706e-05
14762.0,263,1,300.52,Lost Customers,United Kingdom,3.630117713183975e-05
14764.0,43,2,250.55,Potential Loyalists,United Kingdom,3.026507364029832e-05
14765.0,29,3,254.11,Potential Loyalists,United Kingdom,3.0695102226047516e-05
14766.0,8,8,2423.07,Champions,United Kingdom,0.0002926936419301443
14768.0,17,3,139.5,Potential Loyalists,United Kingdom,1.6850839244947578e-05
14769.0,2,10,10383.83,Champions,United Kingdom,0.0012543100363932903
14770.0,232,2,876.42,At Risk,United Kingdom,0.00010586675649503193
14772.0,112,1,139.26,Lost Customers,United Kingdom,1.682184855377347e-05
14775.0,58,3,1011.9,Loyal Customers,United Kingdom,0.00012223200166281328
14776.0,51,13,2195.58,Champions,United Kingdom,0.000265214090533491
14777.0,4,2,-17.45,Potential Loyalists,United Kingdom,-2.1078648374504314e-06
14778.0,127,2,730.86,Potential Loyalists,United Kingdom,8.828390229793825e-05
14779.0,280,3,386.15,At Risk,United Kingdom,4.6644814153666714e-05
14780.0,54,2,447.68,Potential Loyalists,United Kingdom,5.407730260342746e-05
14782.0,319,1,200.10000000000002,Lost Customers,United Kingdom,2.417098876640868e-05
14784.0,26,2,289.99,Potential Loyalists,United Kingdom,3.502921055657597e-05
14785.0,10,2,77.4,Potential Loyalists,United Kingdom,9.349497903648334e-06
14788.0,7,2,679.4399999999999,Loyal Customers,United Kingdom,8.20726467138866e-05
14789.0,28,1,197.64,At Risk,United Kingdom,2.3873834181874113e-05
14790.0,16,4,745.06,Loyal Customers,United Kingdom,8.999918485907269e-05
14792.0,63,2,0.0,At Risk,United Kingdom,0.0
14793.0,4,2,214.14,Potential Loyalists,United Kingdom,2.586694420009372e-05
14794.0,2,9,1272.11,Champions,United Kingdom,0.00015366395062286925
14795.0,166,1,131.45000000000002,Lost Customers,United Kingdom,1.587844314514953e-05
14796.0,1,27,7792.51,Champions,United Kingdom,0.000941292712004634
14798.0,52,3,173.74,Potential Loyalists,United Kingdom,2.0986844519119657e-05
14799.0,51,1,157.7,At Risk,United Kingdom,1.904929999231708e-05
14800.0,47,16,4228.39,Champions,United Kingdom,0.0005107664527236121
14801.0,61,1,189.34,At Risk,United Kingdom,2.2871239445436374e-05
14803.0,162,3,845.55,Potential Loyalists,United Kingdom,0.00010213782884276288
14804.0,8,1,353.27,Potential Loyalists,United Kingdom,4.267308946281455e-05
14805.0,15,4,546.4,Loyal Customers,United Kingdom,6.600214023970864e-05
14806.0,75,1,193.39000000000001,Lost Customers,United Kingdom,2.336045735899937e-05
14808.0,39,15,2152.8,Champions,United Kingdom,0.00026004649983170716
14810.0,40,11,2085.33,Champions,United Kingdom,0.00025189649177538733
14813.0,369,2,152.88,Lost Customers,United Kingdom,1.846707027790384e-05
14815.0,36,2,778.5,Potential Loyalists,United Kingdom,9.403855449599777e-05
14816.0,197,1,271.85,Lost Customers,United Kingdom,3.283799748199999e-05
14817.0,200,2,1110.34,Potential Loyalists,United Kingdom,0.000134123016826058
14818.0,73,3,657.8,Potential Loyalists,United Kingdom,7.945865272635495e-05
14819.0,64,2,272.07,Potential Loyalists,United Kingdom,3.286457228224292e-05
14820.0,21,4,507.29,Loyal Customers,United Kingdom,6.127786552379539e-05
14821.0,366,1,48.800000000000004,Lost Customers,United Kingdom,5.894773872067683e-06
14823.0,180,3,321.43,At Risk,United Kingdom,3.882699110038351e-05
14824.0,10,4,1127.71,Champions,United Kingdom,0.00013622121809978374
14825.0,3,12,2221.01,Champions,United Kingdom,0.0002682858958524804
14828.0,196,3,2139.76,Potential Loyalists,United Kingdom,0.00025847133894458087
14829.0,29,6,644.65,Loyal Customers,United Kingdom,7.78702044391072e-05
14830.0,53,1,188.88,At Risk,United Kingdom,2.2815673954019343e-05
14834.0,17,8,1698.35,Champions,United Kingdom,0.0002051514181480768
14836.0,10,3,102.44999999999999,Potential Loyalists,United Kingdom,1.237540129494537e-05
14837.0,89,5,1641.2,Loyal Customers,United Kingdom,0.00019824800981224346
14840.0,267,1,62.85,Lost Customers,United Kingdom,7.591937251218317e-06
14841.0,53,6,3295.76,Loyal Customers,United Kingdom,0.00039810983476651205
14842.0,35,8,2456.8,Champions,United Kingdom,0.00029676804198557137
14844.0,63,4,3189.81,Loyal Customers,United Kingdom,0.00038531165255861093
14847.0,148,1,309.4,At Risk,United Kingdom,3.7373832705281576e-05
14849.0,21,28,7904.28,Champions,United Kingdom,0.000954793918473507
14850.0,311,2,278.15,At Risk,United Kingdom,3.35990031253202e-05
14851.0,23,2,511.35,Potential Loyalists,United Kingdom,6.176829138282397e-05
14852.0,58,6,2836.69,Loyal Customers,United Kingdom,0.0003426566822777802
14853.0,8,3,463.05,Loyal Customers,United Kingdom,5.5933914784035666e-05
14854.0,78,8,2730.09,Loyal Customers,United Kingdom,0.000329779983614616
14855.0,119,2,645.65,Potential Loyalists,United Kingdom,7.799099898566596e-05
14856.0,36,3,1290.53,Loyal Customers,United Kingdom,0.0001558889861704817
14857.0,59,3,1165.65,Loyal Customers,United Kingdom,0.00014080416319622326
14859.0,12,5,1352.04,Loyal Customers,United Kingdom,0.00016331905872931125
14860.0,8,2,168.62,Potential Loyalists,United Kingdom,2.0368376440738785e-05
14861.0,52,1,125.79,At Risk,United Kingdom,1.5194746011626923e-05
14862.0,25,2,841.1999999999999,Potential Loyalists,United Kingdom,0.00010161237256523226
14863.0,29,1,266.76,Potential Loyalists,United Kingdom,3.222315324001588e-05
14865.0,7,2,52.2,Potential Loyalists,United Kingdom,6.30547533036748e-06
14866.0,10,13,14197.45,Champions,United Kingdom,0.001714974535040724
14867.0,185,4,701.33,Potential Loyalists,United Kingdom,8.471683933805795e-05
14868.0,3,9,2939.64,Champions,United Kingdom,0.00035509248084600493
14869.0,3,3,717.7,Loyal Customers,United Kingdom,8.669424606522493e-05
14870.0,261,1,327.25,Lost Customers,United Kingdom,3.9530015361355514e-05
14871.0,3,4,501.28000000000003,Loyal Customers,United Kingdom,6.055189029897722e-05
14873.0,210,1,519.68,At Risk,United Kingdom,6.277450995565846e-05
14875.0,9,5,1448.72,Champions,United Kingdom,0.00017499747549061257
14878.0,12,9,1476.09,Champions,United Kingdom,0.00017830362222992594
14880.0,77,3,690.59,Potential Loyalists,United Kingdom,8.341950590801682e-05
14881.0,19,1,255.4,Potential Loyalists,United Kingdom,3.0850927191108326e-05
14882.0,26,2,589.7,Potential Loyalists,United Kingdom,7.123254410570313e-05
14883.0,18,7,756.64,Loyal Customers,United Kingdom,9.139798570822318e-05
14885.0,131,1,765.3199999999999,At Risk,United Kingdom,9.244648237235324e-05
14886.0,252,1,364.8,Lost Customers,United Kingdom,4.4065850584637107e-05
14887.0,79,1,1862.0,Potential Loyalists,United Kingdom,0.00022491944569241854
14888.0,207,1,369.2,Lost Customers,United Kingdom,4.459734658949566e-05
14889.0,336,1,135.9,Lost Customers,United Kingdom,1.6415978877336025e-05
14890.0,253,1,125.65,Lost Customers,United Kingdom,1.5177834775108697e-05
14891.0,148,2,554.38,Potential Loyalists,United Kingdom,6.696608072124758e-05
14893.0,9,2,1237.8500000000001,Loyal Customers,United Kingdom,0.00014952552945776603
14894.0,85,1,655.75,At Risk,United Kingdom,7.921102390590949e-05
14895.0,7,24,11020.26,Champions,United Kingdom,0.0013311873096596846
14896.0,204,2,468.77000000000004,At Risk,United Kingdom,5.66248595903518e-05
14897.0,7,4,1366.38,Champions,United Kingdom,0.00016505125252696396
14898.0,23,8,1194.11,Champions,United Kingdom,0.00014424197599128565
14901.0,11,10,1414.99,Champions,United Kingdom,0.00017092307543518546
14902.0,21,2,314.11,Potential Loyalists,United Kingdom,3.7942775019573356e-05
14903.0,21,10,2729.18,Champions,United Kingdom,0.0003296700605772475
14904.0,2,2,1025.44,Loyal Customers,United Kingdom,0.00012386755982321895
14905.0,154,3,599.9,Potential Loyalists,United Kingdom,7.246464848060251e-05
14907.0,3,10,3478.85,Champions,United Kingdom,0.0004202261082959561
14908.0,74,1,277.8,At Risk,United Kingdom,3.3556725034024634e-05
14910.0,2,7,389.86,Loyal Customers,United Kingdom,4.709296192139973e-05
14911.0,1,248,132458.73,Champions,EIRE,0.01600029222809975
14912.0,16,3,841.52,Loyal Customers,Italy,0.00010165102682013107
14913.0,35,4,1227.43,Loyal Customers,United Kingdom,0.0001482668502826237
14915.0,85,3,258.83,Potential Loyalists,United Kingdom,3.126525248580488e-05
14916.0,70,5,1264.84,Loyal Customers,United Kingdom,0.00015278577426938703
14918.0,115,2,1610.15,Potential Loyalists,United Kingdom,0.00019449733914159384
14920.0,212,2,977.77,Potential Loyalists,United Kingdom,0.00011810928378876266
14921.0,30,2,1316.07,Loyal Customers,United Kingdom,0.00015897407888959252
14923.0,50,1,749.1,Potential Loyalists,United Kingdom,9.04871948271701e-05
14924.0,245,1,310.05,Lost Customers,United Kingdom,3.7452349160544776e-05
14929.0,32,1,223.88,At Risk,United Kingdom,2.704348308357608e-05
14930.0,108,3,2362.96,Loyal Customers,Channel Islands,0.00028543268173649697
14931.0,4,6,964.6800000000001,Champions,Channel Islands,0.00011652808317430846
14932.0,365,1,363.53,Lost Customers,Channel Islands,4.391244151050747e-05
14934.0,72,3,1888.84,Potential Loyalists,Channel Islands,0.00022816157132205577
14935.0,297,1,1784.71,At Risk,Channel Islands,0.00021558323518889168
14936.0,9,9,8117.42,Champions,Channel Islands,0.000980540068127042
14937.0,56,4,1617.63,Loyal Customers,Channel Islands,0.0001954008823498534
14944.0,29,14,5842.95,Champions,United Kingdom,0.00070579649581553
14946.0,14,1,100.9,At Risk,United Kingdom,1.2188169747779287e-05
14947.0,72,2,290.82,At Risk,United Kingdom,3.5129470030219745e-05
14948.0,23,7,1066.57,Champions,United Kingdom,0.0001288358395231809
14950.0,8,2,361.25,Potential Loyalists,United Kingdom,4.363702994435349e-05
14951.0,79,1,311.69,At Risk,United Kingdom,3.7650452216901147e-05
14952.0,46,15,7912.79,Champions,United Kingdom,0.0009558218800647221
14953.0,25,1,285.67,Potential Loyalists,United Kingdom,3.450737811544211e-05
14954.0,12,1,294.85,Potential Loyalists,United Kingdom,3.5616272052851566e-05
14957.0,253,1,58.49,Lost Customers,United Kingdom,7.065273028222106e-06
14958.0,147,3,483.72999999999996,Potential Loyalists,United Kingdom,5.84319460068709e-05
14959.0,59,5,684.97,Loyal Customers,United Kingdom,8.274064055635657e-05
14960.0,8,2,221.27,Potential Loyalists,United Kingdom,2.6728209317057707e-05
14961.0,10,12,7006.58,Champions,United Kingdom,0.0008463566540277045
14962.0,270,1,126.7,Lost Customers,United Kingdom,1.53046690489954e-05
14963.0,9,5,1472.34,Champions,United Kingdom,0.00017785064268033057
14964.0,247,1,206.21,Lost Customers,United Kingdom,2.4909043445882723e-05
14965.0,96,2,596.09,Potential Loyalists,United Kingdom,7.200442125821363e-05
14966.0,14,1,183.02,At Risk,United Kingdom,2.2107817911184985e-05
14967.0,49,1,463.8,Potential Loyalists,United Kingdom,5.602451069395474e-05
14968.0,30,1,147.59,At Risk,United Kingdom,1.782806712660798e-05
14970.0,68,4,1592.06,Loyal Customers,United Kingdom,0.0001923121657943458
14971.0,35,3,1097.98,Loyal Customers,United Kingdom,0.0001326299962305917
14972.0,128,1,114.77,Lost Customers,United Kingdom,1.3863590108549342e-05
14973.0,107,3,1314.45,Potential Loyalists,United Kingdom,0.00015877839172416733
14974.0,37,1,89.94,At Risk,United Kingdom,1.0864261517495233e-05
14975.0,57,1,279.94,At Risk,United Kingdom,3.381522536366039e-05
14976.0,57,8,765.86,Loyal Customers,United Kingdom,9.2511711427495e-05
14978.0,72,5,1921.3700000000001,Loyal Customers,United Kingdom,0.00023209101792161238
14981.0,246,1,102.12,Lost Customers,United Kingdom,1.2335539094580979e-05
14984.0,19,2,202.37,Potential Loyalists,United Kingdom,2.4445192387097068e-05
14985.0,198,2,292.01,At Risk,United Kingdom,3.5273215540624675e-05
14987.0,15,2,326.4,Potential Loyalists,United Kingdom,3.942733999678056e-05
14988.0,211,1,334.54,Lost Customers,United Kingdom,4.041060760576891e-05
14995.0,38,2,231.98000000000002,At Risk,United Kingdom,2.8021918910702072e-05
14997.0,46,4,540.98,Loyal Customers,United Kingdom,6.534743379736014e-05
14998.0,170,2,414.87,At Risk,United Kingdom,5.0114033530834415e-05
15000.0,47,1,490.52,Potential Loyalists,United Kingdom,5.925214097800491e-05
15002.0,115,4,1641.76,Loyal Customers,United Kingdom,0.00019831565475831637
15004.0,147,1,1220.77,Potential Loyalists,United Kingdom,0.0001474623586025423
15005.0,15,35,6160.54,Champions,United Kingdom,0.0007441596358571279
15006.0,51,1,480.38,Potential Loyalists,United Kingdom,5.802728427589904e-05
15007.0,159,1,156.91,Lost Customers,United Kingdom,1.8953872300535657e-05
15009.0,12,3,1259.43,Loyal Customers,United Kingdom,0.00015213227577250414
15010.0,35,1,308.94,At Risk,United Kingdom,3.7318267213864545e-05
15012.0,53,2,405.04,Potential Loyalists,United Kingdom,4.892662313816177e-05
15014.0,43,2,257.67,Potential Loyalists,United Kingdom,3.112513081179672e-05
15016.0,172,1,170.04,Lost Customers,United Kingdom,2.0539904696852228e-05
15017.0,33,1,125.58,At Risk,United Kingdom,1.5169379156849582e-05
15018.0,38,4,456.26,Potential Loyalists,United Kingdom,5.511371981290166e-05
15019.0,266,1,252.81,Lost Customers,United Kingdom,3.053806931552112e-05
15021.0,8,13,1829.23,Champions,United Kingdom,0.00022096100840168786
15022.0,11,4,852.39,Loyal Customers,United Kingdom,0.00010296406354122484
15023.0,3,12,6680.81,Champions,United Kingdom,0.0008070054145952561
15024.0,9,10,1636.43,Champions,United Kingdom,0.00019767181982515816
15025.0,33,1,361.96,At Risk,United Kingdom,4.372279407241021e-05
15026.0,80,3,469.0,Potential Loyalists,United Kingdom,5.665264233606031e-05
15027.0,30,6,1051.95,Loyal Customers,United Kingdom,0.00012706982325249178
15028.0,8,4,627.13,Loyal Customers,United Kingdom,7.575388398339766e-05
15030.0,71,2,518.28,Potential Loyalists,United Kingdom,6.26053975904762e-05
15031.0,4,4,653.19,Loyal Customers,United Kingdom,7.890178986671905e-05
15032.0,256,5,4464.1,Loyal Customers,United Kingdom,0.0005392389352929784
15033.0,4,11,2541.53,Champions,United Kingdom,0.00030700296391549545
15034.0,15,11,4243.21,Champions,United Kingdom,0.000512556627903613
15035.0,89,1,252.73000000000002,At Risk,United Kingdom,3.052840575179642e-05
15036.0,72,3,429.56,Potential Loyalists,United Kingdom,5.188850541978266e-05
15038.0,43,7,645.84,Loyal Customers,United Kingdom,7.801394994951213e-05
15039.0,9,52,19638.59,Champions,United Kingdom,0.002372234574103477
15041.0,170,1,179.93,Lost Customers,United Kingdom,2.1734562762318407e-05
15042.0,199,1,135.93,Lost Customers,United Kingdom,1.641960271373279e-05
15043.0,31,1,537.0,Potential Loyalists,United Kingdom,6.486667150205626e-05
15044.0,19,22,7563.88,Champions,United Kingdom,0.0009136754548249037
15045.0,151,3,633.66,Potential Loyalists,United Kingdom,7.654267237242639e-05
15046.0,9,16,4940.66,Champions,United Kingdom,0.0005968047844010229
15047.0,269,1,343.62,Lost Customers,United Kingdom,4.150742208852248e-05
15048.0,65,5,377.52,Potential Loyalists,United Kingdom,4.5602357216864576e-05
15049.0,273,1,121.17000000000002,Lost Customers,United Kingdom,1.4636675206525435e-05
15050.0,25,5,1682.77,Loyal Customers,United Kingdom,0.00020326943911269129
15051.0,23,3,1383.3600000000001,Loyal Customers,United Kingdom,0.00016710234392753177
15052.0,319,1,207.73000000000002,Lost Customers,United Kingdom,2.5092651156652046e-05
15053.0,4,3,693.95,Loyal Customers,United Kingdom,8.382537558445428e-05
15054.0,12,2,302.1,Potential Loyalists,United Kingdom,3.6492032515402604e-05
15057.0,275,2,1489.5,Potential Loyalists,United Kingdom,0.00017992347709927897
15058.0,25,11,2102.54,Champions,United Kingdom,0.0002539753659216636
15059.0,40,11,1325.82,Loyal Customers,United Kingdom,0.00016015182571854048
15060.0,8,4,294.25,Loyal Customers,United Kingdom,3.5543795324916305e-05
15061.0,3,55,54228.74,Champions,United Kingdom,0.006550536058753107
15062.0,71,4,987.86,Loyal Customers,United Kingdom,0.0001193281007635406
15063.0,213,1,370.79999999999995,Lost Customers,United Kingdom,4.4790617863989684e-05
15065.0,37,6,3135.98,Loyal Customers,United Kingdom,0.00037880928211735267
15066.0,31,2,760.59,Potential Loyalists,United Kingdom,9.187512416713031e-05
15067.0,78,3,1744.76,Potential Loyalists,United Kingdom,0.00021075749305386906
15068.0,46,2,553.36,Potential Loyalists,United Kingdom,6.684287028375764e-05
15069.0,179,1,1109.53,At Risk,United Kingdom,0.00013402517324334542
15070.0,372,1,106.2,Lost Customers,United Kingdom,1.2828380844540737e-05
15071.0,93,2,982.07,Potential Loyalists,United Kingdom,0.00011862870033896536
15073.0,9,4,612.43,Loyal Customers,United Kingdom,7.397820414898383e-05
15074.0,105,1,735.67,At Risk,United Kingdom,8.88649240668859e-05
15075.0,77,1,773.03,At Risk,United Kingdom,9.337780832632132e-05
15076.0,172,1,880.85,At Risk,United Kingdom,0.00010640187633628727
15078.0,7,38,9623.35,Champions,United Kingdom,0.0011624481996262814
15079.0,212,5,893.66,Potential Loyalists,United Kingdom,0.00010794925447770503
15081.0,22,6,487.35,Loyal Customers,United Kingdom,5.8869222265413636e-05
15083.0,256,1,88.2,Lost Customers,United Kingdom,1.0654079006482985e-05
15087.0,281,1,306.94,Lost Customers,United Kingdom,3.707667812074702e-05
15088.0,21,3,1140.27,Loyal Customers,United Kingdom,0.0001377383976045618
15089.0,10,6,2420.84,Champions,United Kingdom,0.00029242427009131824
15090.0,308,1,381.32,Lost Customers,United Kingdom,4.6061376493787886e-05
15091.0,53,2,476.96,Potential Loyalists,United Kingdom,5.761416692666807e-05
15092.0,215,2,457.81,At Risk,United Kingdom,5.530095136006774e-05
15093.0,18,9,4410.14,Champions,United Kingdom,0.0005327208615606674
15095.0,103,5,1364.7,Loyal Customers,United Kingdom,0.00016484831768874523
15096.0,42,1,219.39000000000001,At Risk,United Kingdom,2.6501115569527234e-05
15097.0,4,1,248.08,Potential Loyalists,United Kingdom,2.9966711110298173e-05
15098.0,182,5,649.5,Potential Loyalists,United Kingdom,7.845605798991721e-05
15099.0,84,1,410.48,At Risk,United Kingdom,4.958374547144144e-05
15100.0,330,6,635.1,Potential Loyalists,United Kingdom,7.671661651947102e-05
15101.0,8,3,310.03,Loyal Customers,United Kingdom,3.7449933269613595e-05
15103.0,31,2,703.36,Potential Loyalists,United Kingdom,8.496205226757225e-05
15104.0,166,3,968.64,Potential Loyalists,United Kingdom,0.00011700642957868115
15105.0,18,7,2298.93,Champions,United Kingdom,0.00027769820692033926
15106.0,17,7,1407.73,Champions,United Kingdom,0.00017004610702716884
15107.0,311,8,247.66,Potential Loyalists,United Kingdom,2.9915977400743488e-05
15108.0,141,5,1291.75,Loyal Customers,European Community,0.00015603635551728339
15109.0,240,2,463.75,At Risk,United Kingdom,5.60184709666268e-05
15110.0,23,7,973.2,Champions,United Kingdom,0.00011755725271098912
15111.0,29,3,1567.48,Loyal Customers,United Kingdom,0.00018934303583993138
15113.0,9,4,3339.5099999999998,Champions,United Kingdom,0.0004033945961784579
15114.0,30,10,2760.56,Champions,United Kingdom,0.0003334605934482615
15115.0,18,1,340.11,Potential Loyalists,United Kingdom,4.108343323010122e-05
15116.0,17,4,1352.75,Loyal Customers,United Kingdom,0.000163404822857368
15117.0,14,6,1550.13,Loyal Customers,United Kingdom,0.00018724725045713683
15118.0,134,1,244.8,At Risk,United Kingdom,2.9570504997585425e-05
15119.0,245,1,266.4,Lost Customers,United Kingdom,3.217966720325473e-05
15120.0,129,2,343.82,At Risk,United Kingdom,4.1531580997834234e-05
15121.0,50,2,457.72,Potential Loyalists,United Kingdom,5.529007985087746e-05
15122.0,85,6,1612.13,Loyal Customers,United Kingdom,0.0001947365123437802
15123.0,7,2,2199.31,Loyal Customers,United Kingdom,0.00026566465419215524
15124.0,22,2,184.19,Potential Loyalists,United Kingdom,2.224914753065874e-05
15125.0,25,23,11117.05,Champions,United Kingdom,0.0013428790138211072
15127.0,65,1,406.53,At Risk,United Kingdom,4.910660701253432e-05
15128.0,60,8,1419.54,Loyal Customers,United Kingdom,0.00017147269062202784
15129.0,50,11,3447.4,Champions,United Kingdom,0.000416427119806683
15130.0,169,1,330.11,At Risk,United Kingdom,3.987548776451358e-05
15132.0,18,5,977.9300000000001,Loyal Customers,United Kingdom,0.00011812861091621207
15133.0,127,3,982.42,Potential Loyalists,United Kingdom,0.00011867097843026091
15134.0,14,8,1387.99,Champions,United Kingdom,0.00016766162267809883
15135.0,233,2,127.15,Lost Customers,United Kingdom,1.5359026594946843e-05
15136.0,2,5,1282.45,Champions,United Kingdom,0.0001549129662342869
15139.0,239,2,178.96,Lost Customers,United Kingdom,2.1617392052156405e-05
15140.0,52,8,2350.0,Champions,United Kingdom,0.0002838671844130954
15142.0,46,1,498.74,Potential Loyalists,United Kingdom,6.024507215071795e-05
15143.0,225,1,259.45,Lost Customers,United Kingdom,3.1340145104671315e-05
15144.0,8,18,6530.04,Champions,United Kingdom,0.0007887932208105911
15145.0,4,4,1194.73,Champions,United Kingdom,0.0001443168686101521
15146.0,164,3,1313.66,Potential Loyalists,United Kingdom,0.00015868296403238593
15147.0,218,2,608.65,At Risk,United Kingdom,7.35216007629917e-05
15148.0,10,1,301.29,Potential Loyalists,United Kingdom,3.6394188932690006e-05
15149.0,133,1,520.8000000000001,At Risk,United Kingdom,6.29097998478043e-05
15150.0,17,11,5280.83,Champions,United Kingdom,0.0006378954653039177
15152.0,9,16,4684.24,Champions,United Kingdom,0.0005658306467724246
15153.0,31,1,329.25,Potential Loyalists,United Kingdom,3.977160445447304e-05
15154.0,74,2,224.73,At Risk,United Kingdom,2.714615844815103e-05
15156.0,1,3,961.49,Loyal Customers,United Kingdom,0.00011614274857078599
15157.0,3,5,1869.5,Champions,United Kingdom,0.00022582540479160928
15158.0,45,1,401.40000000000003,At Risk,United Kingdom,4.848693098868787e-05
15159.0,1,34,18573.68,Champions,United Kingdom,0.0022435992535275837
15160.0,357,1,158.16,Lost Customers,United Kingdom,1.910486548373411e-05
15163.0,18,2,304.47,Potential Loyalists,United Kingdom,3.6778315590746874e-05
15164.0,68,3,824.58,Potential Loyalists,United Kingdom,9.960476720142562e-05
15165.0,373,1,487.75,At Risk,United Kingdom,5.8917540084037136e-05
15167.0,320,1,158.8,Lost Customers,United Kingdom,1.9182173993531724e-05
15168.0,25,1,106.56,At Risk,United Kingdom,1.2871866881301891e-05
15171.0,324,2,1034.5,Potential Loyalists,United Kingdom,0.00012496195841504135
15172.0,8,5,1624.05,Champions,United Kingdom,0.00019617638333876066
15174.0,322,1,135.75,Lost Customers,United Kingdom,1.6397859695352212e-05
15175.0,71,1,224.14,At Risk,United Kingdom,2.7074889665681357e-05
15178.0,260,1,40.5,Lost Customers,United Kingdom,4.8921791356299415e-06
15179.0,18,7,2186.2,Champions,United Kingdom,0.0002640810376867698
15180.0,367,1,87.5,Lost Customers,United Kingdom,1.0569522823891849e-05
15181.0,66,5,680.28,Loyal Customers,United Kingdom,8.217411413299596e-05
15182.0,154,2,622.85,Potential Loyalists,United Kingdom,7.523688332412615e-05
15184.0,29,2,402.2,Potential Loyalists,United Kingdom,4.858356662593488e-05
15185.0,70,1,310.62,At Risk,United Kingdom,3.752120205208327e-05
15186.0,14,2,411.41,Potential Loyalists,United Kingdom,4.9696084399741095e-05
15187.0,1,18,4670.08,Champions,United Kingdom,0.0005641201959931526
15189.0,1,53,15802.14,Champions,United Kingdom,0.0019088123359581068
15192.0,119,3,1044.32,Potential Loyalists,United Kingdom,0.0001261481608622484
15193.0,60,1,499.32,Potential Loyalists,United Kingdom,6.031513298772203e-05
15194.0,3,22,7521.17,Champions,United Kingdom,0.0009085163197413789
15195.0,2,1,3861.0,Loyal Customers,United Kingdom,0.00046638774426338776
15197.0,8,5,656.44,Loyal Customers,United Kingdom,7.929437214303505e-05
15198.0,92,2,193.64,At Risk,United Kingdom,2.3390655995639057e-05
15199.0,59,4,1268.7,Loyal Customers,United Kingdom,0.00015325204121910388
15201.0,78,11,927.84,Loyal Customers,United Kingdom,0.00011207801207908359
15203.0,25,6,1827.8,Loyal Customers,United Kingdom,0.0002207882722001088
15204.0,357,1,316.58,Lost Customers,United Kingdom,3.82411375495735e-05
15205.0,85,3,648.8299999999999,Potential Loyalists,United Kingdom,7.837512564372284e-05
15206.0,10,4,420.29999999999995,Loyal Customers,United Kingdom,5.07699479186485e-05
15208.0,1,6,867.62,Loyal Customers,United Kingdom,0.00010480376448531481
15210.0,225,1,331.18,Lost Customers,United Kingdom,4.0004737929331456e-05
15211.0,60,2,894.4100000000001,Potential Loyalists,United Kingdom,0.00010803985038762412
15212.0,239,2,88.94999999999999,Lost Customers,United Kingdom,1.0744674916402055e-05
15213.0,318,3,325.05,At Risk,United Kingdom,3.926426735892623e-05
15214.0,1,8,1661.44,Champions,United Kingdom,0.00020069289143459285
15215.0,44,6,615.99,Loyal Customers,United Kingdom,7.440823273473303e-05
15216.0,87,1,96.6,Lost Customers,United Kingdom,1.16687531975766e-05
15218.0,10,11,5756.89,Champions,United Kingdom,0.0006954009171386829
15219.0,176,1,305.75,At Risk,United Kingdom,3.6932932610342087e-05
15220.0,51,7,1758.92,Loyal Customers,United Kingdom,0.00021246794383314116
15221.0,366,2,114.1,Lost Customers,United Kingdom,1.378265776235497e-05
15222.0,318,1,585.0,At Risk,United Kingdom,7.066480973687693e-05
15223.0,225,3,454.90000000000003,At Risk,United Kingdom,5.494943922958174e-05
15224.0,358,3,310.48,At Risk,United Kingdom,3.750429081556505e-05
15225.0,234,1,409.40000000000003,Lost Customers,United Kingdom,4.945328736115798e-05
15226.0,310,1,154.41,Lost Customers,United Kingdom,1.865188593413875e-05
15227.0,36,5,1219.4,Loyal Customers,United Kingdom,0.00014729687007375682
15228.0,66,5,3376.96,Loyal Customers,United Kingdom,0.0004079183519470836
15230.0,239,2,429.6,At Risk,United Kingdom,5.189333720164501e-05
15232.0,113,2,612.06,Potential Loyalists,United Kingdom,7.393351016675708e-05
15234.0,276,1,197.0,Lost Customers,United Kingdom,2.3796525672076506e-05
15235.0,217,12,2247.51,Loyal Customers,United Kingdom,0.00027148695133628767
15236.0,298,1,321.05,Lost Customers,United Kingdom,3.878108917269118e-05
15237.0,1,4,1412.32,Champions,United Kingdom,0.00017060055399587356
15238.0,29,5,1056.54,Loyal Customers,United Kingdom,0.0001276242702211965
15239.0,10,3,764.34,Loyal Customers,United Kingdom,9.232810371672567e-05
15240.0,44,7,1685.57,Loyal Customers,United Kingdom,0.00020360766384305582
15241.0,66,9,1738.59,Loyal Customers,United Kingdom,0.00021001219070160146
15243.0,74,1,316.68,At Risk,United Kingdom,3.825321700422938e-05
15244.0,65,2,631.57,Potential Loyalists,United Kingdom,7.629021177011857e-05
15245.0,134,3,2515.84,Loyal Customers,United Kingdom,0.00030389975201440084
15246.0,238,2,514.15,At Risk,United Kingdom,6.21065161131885e-05
15247.0,122,1,356.0,At Risk,United Kingdom,4.300285857491998e-05
15249.0,31,15,6657.36,Champions,United Kingdom,0.000804172782478453
15251.0,9,15,10327.11,Champions,United Kingdom,0.0012474585697124772
15252.0,36,2,740.78,Potential Loyalists,United Kingdom,8.948218419980119e-05
15253.0,16,6,915.3,Loyal Customers,United Kingdom,0.00011056324846523667
15254.0,127,1,300.36,At Risk,United Kingdom,3.6281850004390354e-05
15255.0,66,1,890.85,Potential Loyalists,United Kingdom,0.0001076098218018749
15256.0,148,1,98.45,Lost Customers,United Kingdom,1.1892223108710315e-05
15257.0,281,2,232.14999999999998,Lost Customers,United Kingdom,2.8042453983617057e-05
15258.0,168,2,623.16,Potential Loyalists,United Kingdom,7.527432963355936e-05
15260.0,100,8,1780.77,Loyal Customers,United Kingdom,0.00021510730467545015
15261.0,135,1,254.82,At Risk,United Kingdom,3.078086635410424e-05
15262.0,323,1,178.95000000000002,Lost Customers,United Kingdom,2.1616184106690818e-05
15263.0,106,1,156.51,Lost Customers,United Kingdom,1.890555448191215e-05
15264.0,64,1,393.74,At Risk,United Kingdom,4.7561644762047735e-05
15265.0,151,2,1506.1200000000001,Potential Loyalists,United Kingdom,0.00018193108246308563
15266.0,338,1,119.3,Lost Customers,United Kingdom,1.4410789404460544e-05
15267.0,22,5,1717.36,Loyal Customers,United Kingdom,0.0002074477224781589
15269.0,23,1,408.8,Potential Loyalists,United Kingdom,4.938081063322272e-05
15270.0,15,9,2298.2,Champions,United Kingdom,0.0002776100269013514
15271.0,7,16,2472.09,Champions,United Kingdom,0.0002986149906024549
15272.0,57,2,721.94,Potential Loyalists,United Kingdom,8.720641494263408e-05
15274.0,4,2,716.57,Loyal Customers,United Kingdom,8.655774822761351e-05
15275.0,31,2,609.19,Potential Loyalists,United Kingdom,7.358682981813345e-05
15276.0,66,1,128.63,At Risk,United Kingdom,1.5537802523853812e-05
15277.0,46,1,255.89999999999998,At Risk,United Kingdom,3.09113244643877e-05
15279.0,354,2,277.40999999999997,At Risk,United Kingdom,3.350961516086671e-05
15280.0,172,1,113.12,Lost Customers,United Kingdom,1.3664279106727383e-05
15281.0,58,12,2239.9500000000003,Champions,United Kingdom,0.0002705737445643034
15286.0,49,1,240.55,At Risk,United Kingdom,2.905712817471068e-05
15287.0,22,3,485.24,Loyal Customers,United Kingdom,5.861434577217464e-05
15288.0,43,5,2306.52,Loyal Customers,United Kingdom,0.0002786150375287203
15289.0,29,4,935.1,Loyal Customers,United Kingdom,0.0001129549804871002
15290.0,4,21,7803.7699999999995,Champions,United Kingdom,0.0009426528585988856
15291.0,25,20,4596.51,Champions,United Kingdom,0.0005552333412028243
15292.0,201,1,178.39,Lost Customers,United Kingdom,2.1548539160617906e-05
15296.0,44,10,3610.31,Champions,United Kingdom,0.0004361057593865712
15297.0,10,4,635.04,Loyal Customers,United Kingdom,7.670936884667749e-05
15298.0,2,14,3774.1,Champions,United Kingdom,0.0004558906981674312
15299.0,67,11,3787.09,Champions,United Kingdom,0.00045745981932722956
15300.0,64,1,496.44,Potential Loyalists,United Kingdom,5.996724469363279e-05
15301.0,50,14,5007.72,Champions,United Kingdom,0.0006049052666932536
15303.0,290,1,574.02,At Risk,United Kingdom,6.93384856156617e-05
15304.0,60,10,680.3,Loyal Customers,United Kingdom,8.217653002392714e-05
15306.0,64,3,1174.35,Loyal Customers,United Kingdom,0.00014185507575128448
15307.0,95,1,205.3,Lost Customers,United Kingdom,2.479912040851425e-05
15308.0,270,2,302.27,At Risk,United Kingdom,3.6512567588317585e-05
15311.0,0,118,59284.19,Champions,United Kingdom,0.007161206849153611
15312.0,75,5,921.1,Loyal Customers,United Kingdom,0.00011126385683527752
15313.0,110,1,52.0,Lost Customers,United Kingdom,6.281316421055728e-06
15314.0,199,1,327.97,Lost Customers,United Kingdom,3.961698743487783e-05
15315.0,64,3,551.54,Potential Loyalists,United Kingdom,6.662302420902068e-05
15316.0,326,1,165.0,Lost Customers,United Kingdom,1.9931100182196058e-05
15318.0,3,1,312.62,Potential Loyalists,United Kingdom,3.77627911452008e-05
15319.0,283,1,204.5,Lost Customers,United Kingdom,2.4702484771267235e-05
15320.0,44,1,267.13,At Risk,United Kingdom,3.2267847222242626e-05
15321.0,49,4,2663.48,Loyal Customers,United Kingdom,0.00032173385886833674
15322.0,64,2,602.97,Potential Loyalists,United Kingdom,7.283548773853793e-05
15325.0,103,1,161.74,Lost Customers,United Kingdom,1.953730996041449e-05
15326.0,333,1,311.71,Lost Customers,United Kingdom,3.765286810783232e-05
15327.0,52,1,208.75,At Risk,United Kingdom,2.5215861594141984e-05
15329.0,35,5,1005.5,Loyal Customers,United Kingdom,0.00012145891656483719
15330.0,32,2,714.96,Potential Loyalists,United Kingdom,8.636326900765391e-05
15332.0,366,4,1661.06,Potential Loyalists,Lithuania,0.0002006469895069005
15333.0,208,1,1028.56,At Risk,United Kingdom,0.00012424443880848228
15334.0,156,3,350.82,Potential Loyalists,United Kingdom,4.2377142823745585e-05
15335.0,53,1,170.22,At Risk,United Kingdom,2.0561647715232806e-05
15339.0,66,3,557.57,Potential Loyalists,United Kingdom,6.735141532477004e-05
15341.0,80,1,2020.52,Potential Loyalists,United Kingdom,0.0002440677972129138
15342.0,116,2,391.76,At Risk,United Kingdom,4.732247155986138e-05
15343.0,87,1,364.5,At Risk,United Kingdom,4.402961222066947e-05
15344.0,0,5,476.58,Loyal Customers,United Kingdom,5.756826499897574e-05
15345.0,35,2,367.69,Potential Loyalists,United Kingdom,4.441494682419193e-05
15346.0,332,1,252.42000000000002,Lost Customers,United Kingdom,3.049095944236321e-05
15347.0,366,1,201.60000000000002,Lost Customers,United Kingdom,2.4352180586246823e-05
15348.0,72,1,158.04,Lost Customers,United Kingdom,1.909037013814706e-05
15349.0,158,2,463.90999999999997,Potential Loyalists,United Kingdom,5.60377980940762e-05
15350.0,373,1,115.65,Lost Customers,United Kingdom,1.3969889309521056e-05
15351.0,12,10,1836.69,Champions,United Kingdom,0.00022186213571901624
15353.0,254,2,770.12,At Risk,United Kingdom,9.302629619583533e-05
15355.0,29,2,277.05,Potential Loyalists,United Kingdom,3.346612912410557e-05
15356.0,31,10,2718.03,Champions,United Kingdom,0.0003283232013831173
15358.0,4,29,8235.65,Champions,United Kingdom,0.0009948216073666846
15360.0,39,1,427.93,At Risk,United Kingdom,5.1691610308891874e-05
15361.0,361,1,418.92,Lost Customers,United Kingdom,5.060325144439741e-05
15363.0,241,2,318.05,At Risk,United Kingdom,3.841870553301489e-05
15364.0,95,2,913.19,Potential Loyalists,United Kingdom,0.00011030837197199769
15365.0,25,9,1330.45,Champions,United Kingdom,0.00016071110446910756
15366.0,75,2,602.51,Potential Loyalists,United Kingdom,7.277992224712089e-05
15367.0,57,5,1867.69,Loyal Customers,United Kingdom,0.0002256067666623379
15368.0,21,1,446.94000000000005,Potential Loyalists,United Kingdom,5.3987914638973985e-05
15369.0,144,1,-1592.49,Lost Customers,United Kingdom,-0.00019236410744936607
15370.0,40,8,2360.55,Champions,United Kingdom,0.00028514156687929035
15372.0,137,1,2007.3999999999999,Potential Loyalists,United Kingdom,0.00024248297276206282
15373.0,8,13,2213.11,Champions,United Kingdom,0.0002673316189346662
15374.0,128,1,168.0,Lost Customers,United Kingdom,2.029348382187235e-05
15376.0,40,3,1221.56,Loyal Customers,United Kingdom,0.00014755778629432374
15379.0,169,8,3631.8900000000003,Loyal Customers,United Kingdom,0.0004387125057013094
15380.0,8,6,1682.3600000000001,Champions,United Kingdom,0.0002032199133486022
15381.0,213,2,596.85,At Risk,United Kingdom,7.209622511359829e-05
15382.0,14,8,5927.86,Champions,United Kingdom,0.0007160531607638347
15384.0,169,3,635.76,Potential Loyalists,United Kingdom,7.679634092019979e-05
15385.0,40,1,316.88,At Risk,United Kingdom,3.827737591354113e-05
15386.0,186,1,394.14,Lost Customers,United Kingdom,4.7609962580671236e-05
15388.0,270,1,140.54,Lost Customers,Canada,1.697646557336869e-05
15389.0,172,1,500.0,At Risk,United Kingdom,6.0397273279382e-05
15392.0,4,5,1515.73,Champions,United Kingdom,0.00018309191805551534
15393.0,16,2,231.86,Potential Loyalists,United Kingdom,2.800742356511502e-05
15394.0,9,4,2183.54,Champions,United Kingdom,0.00026375972419292353
15395.0,325,1,107.45,Lost Customers,United Kingdom,1.2979374027739191e-05
15396.0,112,1,288.18,At Risk,United Kingdom,3.481057242730461e-05
15397.0,289,1,94.0,Lost Customers,United Kingdom,1.1354687376523815e-05
15398.0,16,3,1339.63,Loyal Customers,United Kingdom,0.00016181999840651702
15399.0,1,3,815.77,Loyal Customers,United Kingdom,9.85405672462429e-05
15400.0,92,6,666.7,Potential Loyalists,United Kingdom,8.053372419072796e-05
15402.0,148,2,626.77,Potential Loyalists,United Kingdom,7.57103979466365e-05
15405.0,189,1,349.1,Lost Customers,United Kingdom,4.216937620366451e-05
15406.0,18,4,426.61,Loyal Customers,United Kingdom,5.1532161507434306e-05
15407.0,33,4,1046.74,Loyal Customers,United Kingdom,0.00012644048366492063
15408.0,264,1,267.18,Lost Customers,United Kingdom,3.2273886949570566e-05
15410.0,84,8,3450.84,Loyal Customers,United Kingdom,0.0004168426530468451
15411.0,26,5,1336.43,Loyal Customers,United Kingdom,0.00016143345585752897
15412.0,171,1,190.53,Lost Customers,United Kingdom,2.3014984955841304e-05
15414.0,9,3,774.9000000000001,Loyal Customers,United Kingdom,9.360369412838623e-05
15415.0,313,1,559.61,At Risk,United Kingdom,6.759783619974992e-05
15416.0,64,5,3974.37,Loyal Customers,United Kingdom,0.00048008222200675483
15417.0,85,1,508.8,At Risk,United Kingdom,6.146026528909912e-05
15419.0,24,1,135.86,At Risk,United Kingdom,1.6411147095473676e-05
15421.0,58,4,950.36,Loyal Customers,United Kingdom,0.00011479830526758695
15422.0,323,2,97.7,Lost Customers,United Kingdom,1.1801627198791243e-05
15423.0,38,1,43.5,At Risk,United Kingdom,5.2545627753062336e-06
15424.0,254,2,383.34,At Risk,United Kingdom,4.630538147783658e-05
15426.0,19,7,1386.58,Champions,United Kingdom,0.00016749130236745096
15427.0,33,3,1430.54,Loyal Customers,United Kingdom,0.00017280143063417422
15428.0,15,1,93.78,At Risk,United Kingdom,1.1328112576280887e-05
15429.0,26,3,364.90000000000003,Potential Loyalists,United Kingdom,4.407793003929299e-05
15432.0,23,1,171.19,At Risk,United Kingdom,2.067881842539481e-05
15433.0,79,3,417.87,Potential Loyalists,United Kingdom,5.047641717051071e-05
15434.0,8,6,997.48,Champions,United Kingdom,0.0001204901443014359
15435.0,22,1,149.29,At Risk,United Kingdom,1.8033417855757873e-05
15436.0,12,3,1067.75,Loyal Customers,United Kingdom,0.00012897837708812025
15437.0,262,1,200.16,Lost Customers,United Kingdom,2.41782364392022e-05
15438.0,131,1,156.57999999999998,Lost Customers,United Kingdom,1.8914010100171264e-05
15440.0,54,3,383.68,Potential Loyalists,United Kingdom,4.634645162366657e-05
15442.0,248,1,594.0,At Risk,United Kingdom,7.175196065590581e-05
15443.0,1,8,3188.84,Champions,United Kingdom,0.000385194481848449
15444.0,9,2,1411.21,Loyal Customers,United Kingdom,0.00017046647204919333
15445.0,264,1,113.5,Lost Customers,United Kingdom,1.3710181034419713e-05
15447.0,330,1,155.17,Lost Customers,United Kingdom,1.8743689789523406e-05
15448.0,312,1,494.64,At Risk,United Kingdom,5.974981450982702e-05
15449.0,26,5,971.22,Loyal Customers,United Kingdom,0.00011731807950880277
15450.0,30,1,429.84,Potential Loyalists,United Kingdom,5.192232789281911e-05
15452.0,29,3,528.48,Loyal Customers,United Kingdom,6.383750196537559e-05
15453.0,1,7,1371.77,Champions,United Kingdom,0.0001657023351329157
15454.0,362,1,179.1,Lost Customers,United Kingdom,2.163430328867463e-05
15456.0,283,3,434.59000000000003,At Risk,United Kingdom,5.249610198897324e-05
15457.0,262,1,237.07,Lost Customers,United Kingdom,2.8636763152686178e-05
15458.0,25,1,161.64,At Risk,United Kingdom,1.952523050575861e-05
15460.0,354,1,214.26,Lost Customers,United Kingdom,2.5881439545680772e-05
15462.0,94,3,234.6,Potential Loyalists,United Kingdom,2.8338400622686032e-05
15463.0,29,1,126.14,At Risk,United Kingdom,1.523702410292249e-05
15464.0,338,1,1044.65,At Risk,United Kingdom,0.0001261880230626128
15465.0,19,24,6945.0199999999995,Champions,United Kingdom,0.0008389205417415471
15466.0,85,1,334.53,At Risk,United Kingdom,4.040939966030331e-05
15467.0,9,4,511.88,Loyal Customers,United Kingdom,6.183231249250011e-05
15468.0,35,5,438.46,Potential Loyalists,United Kingdom,5.2963576884155653e-05
15469.0,43,4,504.5,Loyal Customers,United Kingdom,6.0940848738896434e-05
15471.0,2,1,454.48,Potential Loyalists,United Kingdom,5.489870552002706e-05
15472.0,113,1,371.56,At Risk,United Kingdom,4.488242171937435e-05
15473.0,14,10,1465.2,Champions,United Kingdom,0.000176988169617901
15475.0,77,1,454.10999999999996,At Risk,United Kingdom,5.485401153780031e-05
15478.0,40,2,1399.92,Potential Loyalists,United Kingdom,0.0001691027016185449
15480.0,116,1,905.5,Potential Loyalists,Malta,0.0001093794619089608
15482.0,15,16,6393.52,Champions,United Kingdom,0.0007723023493143888
15483.0,161,4,225.26,Potential Loyalists,United Kingdom,2.7210179557827176e-05
15484.0,1,5,3559.21,Champions,United Kingdom,0.0004299331580574184
15485.0,30,3,2564.5,Loyal Customers,United Kingdom,0.00030977761464995025
15488.0,92,1,91.32000000000001,Lost Customers,United Kingdom,1.1030957991746328e-05
15489.0,22,4,1090.03,Loyal Customers,United Kingdom,0.0001316696795854495
15491.0,95,7,3090.85,Loyal Customers,United Kingdom,0.00037335782423115565
15492.0,28,2,659.4599999999999,Loyal Customers,United Kingdom,7.96591716736425e-05
15493.0,32,7,1918.86,Loyal Customers,United Kingdom,0.00023178782360974985
15494.0,21,2,1280.58,Loyal Customers,United Kingdom,0.00015468708043222198
15497.0,17,3,1259.7,Loyal Customers,United Kingdom,0.000152164890300075
15498.0,0,35,12396.46,Champions,United Kingdom,0.0014974247646338554
15500.0,8,4,1131.56,Champions,United Kingdom,0.00013668627710403496
15502.0,15,23,5541.46,Champions,United Kingdom,0.0006693781479735283
15503.0,362,1,141.04,Lost Customers,United Kingdom,1.703686284664807e-05
15504.0,81,1,52.83,Lost Customers,United Kingdom,6.381575894699501e-06
15505.0,52,7,3497.14,Champions,United Kingdom,0.0004224354405525159
15506.0,22,3,972.08,Loyal Customers,United Kingdom,0.0001174219628188433
15507.0,171,1,475.86,At Risk,United Kingdom,5.748129292545343e-05
15508.0,189,6,1000.27,Potential Loyalists,United Kingdom,0.00012082716108633485
15510.0,330,1,250.0,Lost Customers,United Kingdom,3.0198636639691e-05
15511.0,11,5,900.53,Loyal Customers,United Kingdom,0.00010877911301256373
15512.0,155,2,121.0,At Risk,United Kingdom,1.4616140133610443e-05
15513.0,31,22,14520.08,Champions,United Kingdom,0.0017539464795969777
15514.0,12,13,2907.45,Champions,United Kingdom,0.00035120410439227833
15516.0,44,3,62.43,Potential Loyalists,United Kingdom,7.541203541663636e-06
15517.0,233,1,267.03,Lost Customers,United Kingdom,3.2255767767586746e-05
15518.0,64,13,1890.99,Loyal Customers,United Kingdom,0.0002284212795971571
15520.0,1,1,343.5,Potential Loyalists,United Kingdom,4.149292674293543e-05
15521.0,36,13,2574.65,Champions,United Kingdom,0.00031100367929752173
15522.0,32,2,397.99,Potential Loyalists,United Kingdom,4.807502158492248e-05
15523.0,84,1,412.01000000000005,At Risk,United Kingdom,4.9768561127676356e-05
15524.0,24,1,440.0,Potential Loyalists,United Kingdom,5.314960048585616e-05
15525.0,2,4,719.47,Loyal Customers,United Kingdom,8.690805241263393e-05
15526.0,33,2,148.44,Potential Loyalists,United Kingdom,1.7930742491182926e-05
15527.0,18,10,2347.57,Champions,United Kingdom,0.0002835736536649576
15528.0,254,1,229.33,Lost Customers,United Kingdom,2.7701813362321347e-05
15529.0,22,12,3935.15,Champions,United Kingdom,0.00047534465989072013
15530.0,21,4,1497.31,Loyal Customers,United Kingdom,0.0001808668825079029
15531.0,8,2,1972.39,Loyal Customers,United Kingdom,0.00023825395568704053
15532.0,25,6,1500.88,Loyal Customers,United Kingdom,0.0001812981190391177
15533.0,19,5,746.92,Loyal Customers,United Kingdom,9.022386271567199e-05
15535.0,173,7,426.4,Potential Loyalists,United Kingdom,5.150679465265696e-05
15537.0,163,1,110.92,Lost Customers,United Kingdom,1.3398531104298101e-05
15539.0,7,1,538.46,Potential Loyalists,United Kingdom,6.504303154003207e-05
15540.0,11,1,213.3,Potential Loyalists,United Kingdom,2.576547678098436e-05
15541.0,114,1,85.13000000000001,Lost Customers,United Kingdom,1.028323974854758e-05
15543.0,288,1,127.86,Lost Customers,United Kingdom,1.5444790723003564e-05
15544.0,8,11,3542.51,Champions,United Kingdom,0.000427915889129887
15545.0,54,2,288.96999999999997,Potential Loyalists,United Kingdom,3.490600011908602e-05
15547.0,7,14,4910.6,Champions,United Kingdom,0.0005931737003314664
15549.0,77,4,1643.96,Loyal Customers,United Kingdom,0.00019858140276074565
15550.0,4,4,575.63,Loyal Customers,United Kingdom,6.953296483562132e-05
15551.0,36,1,436.06,At Risk,United Kingdom,5.2673669972414625e-05
15552.0,217,1,90.12,Lost Customers,United Kingdom,1.088600453587581e-05
15553.0,60,1,428.93,At Risk,United Kingdom,5.181240485545064e-05
15554.0,277,1,217.2,Lost Customers,United Kingdom,2.6236575512563537e-05
15555.0,12,20,4747.89,Champions,United Kingdom,0.00057351921966089
15556.0,24,1,279.77,Potential Loyalists,United Kingdom,3.37946902907454e-05
15557.0,28,1,468.91,Potential Loyalists,United Kingdom,5.664177082687003e-05
15561.0,11,5,722.74,Loyal Customers,United Kingdom,8.730305057988109e-05
15562.0,351,1,134.55,Lost Customers,United Kingdom,1.6252906239481698e-05
15563.0,8,7,1319.69,Champions,United Kingdom,0.00015941135514813525
15565.0,50,2,173.16,Potential Loyalists,United Kingdom,2.091678368211557e-05
15567.0,18,1,186.01,At Risk,United Kingdom,2.246899360539569e-05
15568.0,2,3,758.29,Loyal Customers,United Kingdom,9.159729671004513e-05
15569.0,103,5,1375.71,Loyal Customers,United Kingdom,0.0001661782656463572
15570.0,7,13,4093.27,Champions,United Kingdom,0.0004944446935925919
15571.0,11,4,650.4300000000001,Loyal Customers,United Kingdom,7.856839691821686e-05
15572.0,4,7,2533.42,Champions,United Kingdom,0.0003060233201429039
15573.0,31,2,591.1899999999999,Loyal Customers,United Kingdom,7.141252798007568e-05
15574.0,177,4,675.64,Potential Loyalists,United Kingdom,8.16136274369633e-05
15576.0,37,1,921.37,Potential Loyalists,United Kingdom,0.00011129647136284838
15577.0,151,3,258.88,Potential Loyalists,United Kingdom,3.127129221313282e-05
15578.0,162,1,127.1,Lost Customers,United Kingdom,1.5352986867618903e-05
15579.0,68,2,327.6,Potential Loyalists,United Kingdom,3.957229345265109e-05
15581.0,120,14,3425.77,Loyal Customers,United Kingdom,0.0004138143337646169
15582.0,24,3,682.9100000000001,Loyal Customers,United Kingdom,8.249180379044553e-05
15584.0,23,5,718.36,Loyal Customers,United Kingdom,8.67739704659537e-05
15585.0,176,1,455.3,At Risk,United Kingdom,5.499775704820525e-05
15587.0,50,4,913.6800000000001,Loyal Customers,United Kingdom,0.00011036756129981149
15589.0,252,4,456.58,Potential Loyalists,United Kingdom,5.515237406780046e-05
15590.0,289,1,-30.19,Lost Customers,United Kingdom,-3.646787360609085e-06
15592.0,46,1,388.58,At Risk,United Kingdom,4.693834490180451e-05
15593.0,70,1,199.8,At Risk,United Kingdom,2.4134750402441045e-05
15594.0,15,6,1767.53,Loyal Customers,United Kingdom,0.0002135079848790121
15596.0,100,9,1343.34,Loyal Customers,United Kingdom,0.00016226814617425
15597.0,29,2,315.71999999999997,Potential Loyalists,United Kingdom,3.813725423953296e-05
15598.0,35,3,235.68,Potential Loyalists,United Kingdom,2.8468858732969498e-05
15599.0,26,2,761.74,Loyal Customers,United Kingdom,9.201403789567288e-05
15601.0,11,17,6745.36,Champions,United Kingdom,0.0008148027025756242
15602.0,8,15,1083.63,Champions,United Kingdom,0.00013089659448747344
15603.0,78,1,48.480000000000004,Lost Customers,United Kingdom,5.856119617168879e-06
15604.0,52,1,216.39,At Risk,United Kingdom,2.613873192985094e-05
15605.0,36,5,1198.23,Loyal Customers,United Kingdom,0.00014473964952310778
15606.0,57,11,2422.64,Champions,United Kingdom,0.00029264170027512397
15607.0,336,1,104.76,Lost Customers,United Kingdom,1.2654436697496116e-05
15608.0,28,4,1093.68,Loyal Customers,United Kingdom,0.000132110579680389
15609.0,182,2,270.03000000000003,At Risk,United Kingdom,3.261815140726304e-05
15610.0,51,1,112.46000000000001,At Risk,United Kingdom,1.35845547059986e-05
15611.0,9,15,1568.39,Champions,United Kingdom,0.00018945295887729986
15612.0,36,2,195.15,Potential Loyalists,United Kingdom,2.3573055760942792e-05
15615.0,10,27,10360.04,Champions,United Kingdom,0.0012514363341306575
15618.0,32,5,747.031,Loyal Customers,United Kingdom,9.023727091034002e-05
15619.0,10,1,336.40000000000003,Potential Loyalists,United Kingdom,4.063528546236821e-05
15620.0,50,6,1524.4,Loyal Customers,United Kingdom,0.00018413920677417983
15621.0,4,6,1158.77,Champions,United Kingdom,0.00013997309671589896
15622.0,3,16,3224.53,Champions,United Kingdom,0.00038950563921513124
15623.0,141,1,301.03,At Risk,United Kingdom,3.636278235058472e-05
15624.0,116,4,588.13,Potential Loyalists,United Kingdom,7.104289666760586e-05
15625.0,100,8,1504.56,Loyal Customers,United Kingdom,0.00018174264297045393
15626.0,74,2,675.8,Potential Loyalists,United Kingdom,8.16329545644127e-05
15628.0,4,10,2865.64,Champions,United Kingdom,0.0003461536844006564
15630.0,45,3,1180.4,Loyal Customers,United Kingdom,0.000142585882757965
15632.0,15,10,3147.31,Champions,United Kingdom,0.0003801778843298635
15634.0,17,1,243.55,Potential Loyalists,United Kingdom,2.941951181438697e-05
15636.0,89,2,724.76,Potential Loyalists,United Kingdom,8.75470555639298e-05
15637.0,52,1,223.36,At Risk,United Kingdom,2.6980669919365525e-05
15638.0,301,1,-94.0,Lost Customers,United Kingdom,-1.1354687376523815e-05
15639.0,134,1,425.32,At Risk,United Kingdom,5.13763365423735e-05
15640.0,4,17,12336.74,Champions,United Kingdom,0.001490210914313366
15641.0,105,4,1887.2,Loyal Customers,United Kingdom,0.0002279634682656994
15643.0,179,6,647.4,Potential Loyalists,United Kingdom,7.82023894421438e-05
15644.0,166,4,803.54,Potential Loyalists,United Kingdom,9.706324994182921e-05
15645.0,18,1,612.01,Potential Loyalists,United Kingdom,7.392747043942915e-05
15646.0,157,4,425.14000000000004,Potential Loyalists,United Kingdom,5.135459352399293e-05
15648.0,204,4,582.0500000000001,Potential Loyalists,United Kingdom,7.030846582452859e-05
15649.0,336,2,816.0,Potential Loyalists,United Kingdom,9.856834999195142e-05
15651.0,36,3,646.3,Potential Loyalists,United Kingdom,7.806951544092916e-05
15652.0,91,1,337.74,At Risk,United Kingdom,4.079715015475695e-05
15653.0,92,2,877.4399999999999,Potential Loyalists,United Kingdom,0.00010598996693252186
15654.0,9,2,922.53,Loyal Customers,United Kingdom,0.00011143659303685654
15655.0,233,2,511.32,Potential Loyalists,United Kingdom,6.176466754642721e-05
15656.0,45,4,748.5,Loyal Customers,United Kingdom,9.041471809923485e-05
15657.0,22,1,30.0,At Risk,United Kingdom,3.62383639676292e-06
15658.0,190,8,958.9,Loyal Customers,United Kingdom,0.00011582989069519878
15659.0,43,1,306.45,At Risk,United Kingdom,3.701748879293322e-05
15660.0,25,12,1552.01,Champions,United Kingdom,0.0001874743442046673
15661.0,317,2,309.8,At Risk,United Kingdom,3.742215052390508e-05
15663.0,106,1,138.14,Lost Customers,United Kingdom,1.6686558661627656e-05
15664.0,50,2,358.63,Potential Loyalists,United Kingdom,4.332054823236953e-05
15665.0,168,2,2222.21,Loyal Customers,United Kingdom,0.0002684308493083509
15667.0,39,1,301.32,At Risk,United Kingdom,3.6397812769086765e-05
15668.0,217,1,76.32000000000001,Lost Customers,United Kingdom,9.219039793364868e-06
15669.0,40,5,677.69,Loyal Customers,United Kingdom,8.186125625740877e-05
15670.0,296,1,173.05,Lost Customers,United Kingdom,2.090349628199411e-05
15671.0,18,10,2635.4900000000002,Champions,United Kingdom,0.00031835281951015694
15673.0,88,4,2726.23,Loyal Customers,United Kingdom,0.00032931371666489916
15674.0,73,8,1744.02,Loyal Customers,United Kingdom,0.00021066810508941556
15675.0,81,3,323.69,Potential Loyalists,United Kingdom,3.9099986775606315e-05
15676.0,9,5,3324.09,Champions,United Kingdom,0.0004015319442705218
15677.0,49,1,657.23,Potential Loyalists,United Kingdom,7.938979983481646e-05
15678.0,52,1,352.7,At Risk,United Kingdom,4.260423657127606e-05
15679.0,24,4,781.28,Loyal Customers,United Kingdom,9.437436333543112e-05
15680.0,9,3,1333.68,Loyal Customers,United Kingdom,0.00016110127085449237
15681.0,18,6,946.36,Loyal Customers,United Kingdom,0.00011431512708135189
15683.0,117,1,193.75,Lost Customers,United Kingdom,2.3403943395760524e-05
15687.0,8,11,2981.5,Champions,United Kingdom,0.00036014894056495483
15689.0,119,2,254.1,Potential Loyalists,United Kingdom,3.069389428058193e-05
15690.0,4,2,239.76,Loyal Customers,United Kingdom,2.8961700482929253e-05
15691.0,252,1,136.8,Lost Customers,United Kingdom,1.6524693969238916e-05
15692.0,28,1,191.04,At Risk,United Kingdom,2.3076590174586272e-05
15694.0,0,15,6423.6,Champions,United Kingdom,0.0007759358492748764
15695.0,266,2,409.98,At Risk,United Kingdom,4.952334819816206e-05
15696.0,33,12,2619.11,Champions,United Kingdom,0.00031637420483752435
15699.0,17,1,309.65,Potential Loyalists,United Kingdom,3.740403134192127e-05
15700.0,172,3,664.03,Potential Loyalists,United Kingdom,8.021120275141605e-05
15701.0,2,4,1529.0,Champions,United Kingdom,0.00018469486168835013
15703.0,264,1,211.5,Lost Customers,United Kingdom,2.5548046597178583e-05
15704.0,140,4,2293.62,Loyal Customers,United Kingdom,0.0002770567878781122
15705.0,201,1,143.1,Lost Customers,United Kingdom,1.7285699612559127e-05
15706.0,59,7,1001.8100000000001,Loyal Customers,United Kingdom,0.00012101318468803536
15707.0,35,4,916.98,Loyal Customers,United Kingdom,0.00011076618330345541
15708.0,40,11,3200.73,Champions,United Kingdom,0.00038663072900703264
15709.0,283,1,133.25,Lost Customers,United Kingdom,1.60958733289553e-05
15712.0,9,5,1072.3600000000001,Champions,United Kingdom,0.00012953523994775618
15713.0,143,3,346.75,Potential Loyalists,United Kingdom,4.1885509019251414e-05
15714.0,11,2,330.03000000000003,Loyal Customers,United Kingdom,3.986582420078888e-05
15716.0,145,4,1101.1100000000001,Loyal Customers,United Kingdom,0.00013300808316132063
15717.0,234,1,150.3,Lost Customers,United Kingdom,1.8155420347782228e-05
15719.0,32,14,5028.42,Champions,United Kingdom,0.00060740571380702
15720.0,24,1,598.73,Potential Loyalists,United Kingdom,7.232331886112876e-05
15721.0,11,1,471.40000000000003,Potential Loyalists,United Kingdom,5.694254924780135e-05
15722.0,35,6,2169.86,Loyal Customers,United Kingdom,0.00026210725479599965
15723.0,364,1,190.7,Lost Customers,United Kingdom,2.3035520028756292e-05
15724.0,201,3,212.3,At Risk,United Kingdom,2.5644682234425597e-05
15725.0,15,1,415.25,Potential Loyalists,United Kingdom,5.015993545852675e-05
15727.0,16,7,5159.06,Champions,United Kingdom,0.000623186313369457
15728.0,49,1,-134.8,At Risk,United Kingdom,-1.6283104876121388e-05
15729.0,198,2,62.0,At Risk,United Kingdom,7.489261886643368e-06
15730.0,65,4,1108.38,Loyal Customers,United Kingdom,0.00013388625951480285
15732.0,212,2,294.12,At Risk,United Kingdom,3.552809203386367e-05
15733.0,282,1,162.3,Lost Customers,United Kingdom,1.9604954906487396e-05
15734.0,114,2,1339.45,Potential Loyalists,United Kingdom,0.00016179825538813642
15737.0,14,12,1121.21,Champions,United Kingdom,0.00013543605354715177
15738.0,18,19,4788.77,Champions,United Kingdom,0.0005784573007242122
15739.0,66,1,449.12,At Risk,United Kingdom,5.4251246750472085e-05
15740.0,49,1,154.88,At Risk,United Kingdom,1.8708659371021367e-05
15743.0,16,4,775.96,Loyal Customers,United Kingdom,9.373173634773851e-05
15744.0,77,1,34.8,Lost Customers,United Kingdom,4.203650220244987e-06
15745.0,8,6,1071.24,Champions,United Kingdom,0.00012939995005561034
15746.0,134,2,182.96,At Risk,United Kingdom,2.210057023839146e-05
15747.0,12,3,946.64,Loyal Customers,United Kingdom,0.00011434894955438834
15748.0,40,1,144.36,At Risk,United Kingdom,1.743790074122317e-05
15749.0,235,4,21535.9,Loyal Customers,United Kingdom,0.0026014192752348854
15750.0,2,9,2448.8,Champions,United Kingdom,0.0002958016856131013
15752.0,39,8,2618.15,Champions,United Kingdom,0.00031625824207282796
15753.0,304,1,79.2,Lost Customers,United Kingdom,9.566928087454109e-06
15754.0,50,4,455.67,Potential Loyalists,United Kingdom,5.504245103043199e-05
15755.0,1,8,2318.88,Champions,United Kingdom,0.00028010805812418667
15756.0,61,4,528.01,Loyal Customers,United Kingdom,6.378072852849297e-05
15757.0,65,2,714.42,Potential Loyalists,United Kingdom,8.629803995251217e-05
15758.0,24,1,205.25,At Risk,United Kingdom,2.479308068118631e-05
15759.0,218,3,253.04,At Risk,United Kingdom,3.056585206122964e-05
15762.0,65,2,583.75,Potential Loyalists,United Kingdom,7.051381655367848e-05
15763.0,31,3,1048.67,Loyal Customers,United Kingdom,0.00012667361713977903
15764.0,81,10,3245.47,Loyal Customers,United Kingdom,0.00039203507702007174
15766.0,64,1,315.06,At Risk,United Kingdom,3.8057529838804184e-05
15768.0,115,4,581.8299999999999,Potential Loyalists,United Kingdom,7.028189102428564e-05
15769.0,7,29,51823.72,Champions,United Kingdom,0.006260022758388348
15773.0,5,1,635.6800000000001,Potential Loyalists,United Kingdom,7.67866773564751e-05
15774.0,68,1,270.8,At Risk,United Kingdom,3.271116320811329e-05
15775.0,245,1,104.9,Lost Customers,United Kingdom,1.2671347934014343e-05
15776.0,133,1,241.62,At Risk,United Kingdom,2.9186378339528555e-05
15777.0,241,5,1021.61,Potential Loyalists,United Kingdom,0.00012340491670989888
15780.0,183,3,475.28000000000003,Potential Loyalists,United Kingdom,5.741123208844935e-05
15781.0,25,4,333.56,Loyal Customers,United Kingdom,4.0292228950141316e-05
15782.0,9,4,2593.94,Champions,United Kingdom,0.0003133338061006403
15783.0,10,1,246.3,Potential Loyalists,United Kingdom,2.9751696817423573e-05
15785.0,29,8,2303.75,Champions,United Kingdom,0.00027828043663475255
15786.0,43,5,4821.0,Loyal Customers,United Kingdom,0.0005823505089598012
15787.0,26,3,933.26,Loyal Customers,United Kingdom,0.00011273271852143208
15789.0,358,1,351.3,Lost Customers,United Kingdom,4.243512420609379e-05
15790.0,10,1,218.75,Potential Loyalists,United Kingdom,2.642380705972962e-05
15791.0,43,3,1604.44,Loyal Customers,United Kingdom,0.00019380760228074331
15793.0,9,4,948.96,Champions,United Kingdom,0.00011462919290240468
15795.0,149,1,610.01,At Risk,United Kingdom,7.368588134631162e-05
15796.0,1,10,2663.6600000000003,Champions,United Kingdom,0.00032175560188671734
15797.0,113,4,2207.4,Loyal Customers,United Kingdom,0.00026664188207381565
15799.0,75,3,884.14,Potential Loyalists,United Kingdom,0.00010679929039446559
15800.0,107,2,696.89,Potential Loyalists,United Kingdom,8.418051155133704e-05
15801.0,46,4,1042.19,Loyal Customers,United Kingdom,0.00012589086847807825
15802.0,142,3,-451.42,At Risk,United Kingdom,-5.452907420755724e-05
15803.0,51,1,415.82000000000005,At Risk,United Kingdom,5.022878835006525e-05
15804.0,0,19,3848.55,Champions,United Kingdom,0.0004648838521587312
15805.0,23,20,5411.87,Champions,United Kingdom,0.0006537243826849781
15806.0,46,3,784.58,Potential Loyalists,United Kingdom,9.477298533907506e-05
15807.0,50,3,903.9,Potential Loyalists,United Kingdom,0.00010918619063446677
15808.0,306,5,3641.07,Loyal Customers,United Kingdom,0.00043982139963871884
15809.0,35,6,399.21,Potential Loyalists,United Kingdom,4.822239093172417e-05
15810.0,78,7,1145.43,Loyal Customers,United Kingdom,0.00013836169746480505
15811.0,17,9,2171.32,Champions,United Kingdom,0.00026228361483397544
15812.0,107,5,1801.14,Loyal Customers,United Kingdom,0.00021756788958885218
15813.0,207,2,1303.9099999999999,Potential Loyalists,United Kingdom,0.00015750521720343794
15814.0,3,6,1842.73,Champions,United Kingdom,0.00022259173478023116
15815.0,63,5,2100.6,Loyal Customers,United Kingdom,0.00025374102450133963
15819.0,49,4,1905.45,Loyal Customers,United Kingdom,0.00023016796874039685
15820.0,319,1,206.98,Lost Customers,United Kingdom,2.500205524673297e-05
15821.0,44,2,570.96,Potential Loyalists,United Kingdom,6.896885430319189e-05
15822.0,3,2,885.47,Loyal Customers,United Kingdom,0.00010695994714138875
15823.0,337,2,-840.76,At Risk,United Kingdom,-0.0001015592229647464
15825.0,172,1,532.94,At Risk,United Kingdom,6.437624564302768e-05
15826.0,51,4,1649.3600000000001,Loyal Customers,United Kingdom,0.000199233693312163
15827.0,73,20,1641.48,Loyal Customers,United Kingdom,0.00019828183228527991
15829.0,99,2,636.14,Potential Loyalists,United Kingdom,7.684224284789213e-05
15830.0,29,2,547.7,Loyal Customers,United Kingdom,6.615917315023504e-05
15831.0,58,4,740.64,Loyal Customers,United Kingdom,8.946527296328296e-05
15832.0,254,1,836.79,At Risk,United Kingdom,0.00010107966861490811
15834.0,70,6,2076.3,Loyal Customers,United Kingdom,0.0002508057170199617
15835.0,44,4,954.09,Loyal Customers,United Kingdom,0.00011524886892625113
15836.0,45,2,117.47,Potential Loyalists,United Kingdom,1.4189735384258006e-05
15837.0,64,1,391.98,At Risk,United Kingdom,4.734904636010431e-05
15838.0,11,21,33350.76,Champions,United Kingdom,0.004028589931590164
15839.0,25,5,1020.74,Loyal Customers,United Kingdom,0.00012329982545439275
15840.0,58,3,345.66,Potential Loyalists,United Kingdom,4.1753842963502364e-05
15841.0,64,6,1209.1,Loyal Customers,United Kingdom,0.00014605268624420152
15843.0,303,1,118.95000000000002,Lost Customers,United Kingdom,1.4368511313164979e-05
15844.0,46,1,130.73999999999998,At Risk,United Kingdom,1.57926790170928e-05
15845.0,17,10,3650.87,Champions,United Kingdom,0.00044100518619499465
15847.0,38,2,389.27,Potential Loyalists,United Kingdom,4.702169313893006e-05
15850.0,19,2,234.88,Potential Loyalists,United Kingdom,2.8372223095722484e-05
15852.0,186,2,160.71,At Risk,United Kingdom,1.9412891577458963e-05
15853.0,51,1,110.8,At Risk,United Kingdom,1.338403575871105e-05
15854.0,4,12,2969.12,Champions,United Kingdom,0.00035865350407855733
15855.0,136,5,712.24,Potential Loyalists,United Kingdom,8.603470784101407e-05
15856.0,4,31,15929.74,Champions,United Kingdom,0.001924225720099005
15857.0,18,1,297.0,Potential Loyalists,United Kingdom,3.587598032795291e-05
15858.0,15,5,1427.57,Loyal Customers,United Kingdom,0.0001724426708308947
15860.0,40,8,965.16,Loyal Customers,United Kingdom,0.00011658606455665665
15861.0,12,9,2981.92,Champions,United Kingdom,0.0003601996742745095
15862.0,8,4,832.88,Loyal Customers,United Kingdom,0.00010060736193786335
15863.0,25,2,68.84,Potential Loyalists,United Kingdom,8.315496585105314e-06
15864.0,22,8,1769.7800000000002,Champions,United Kingdom,0.00021377977260876935
15865.0,40,3,895.13,Potential Loyalists,United Kingdom,0.0001081268224611464
15866.0,101,1,211.89,Lost Customers,United Kingdom,2.55951564703365e-05
15867.0,5,16,3795.29,Champions,United Kingdom,0.0004584503346090114
15869.0,277,2,149.64,At Risk,United Kingdom,1.807569594705344e-05
15870.0,32,1,351.44,At Risk,United Kingdom,4.2452035442612013e-05
15872.0,14,2,316.25,Potential Loyalists,United Kingdom,3.8201275349209114e-05
15874.0,63,9,4330.67,Champions,United Kingdom,0.0005231213189456424
15877.0,1,3,437.83,Loyal Customers,United Kingdom,5.2887476319823634e-05
15880.0,369,2,299.03,At Risk,United Kingdom,3.6121193257467194e-05
15881.0,312,8,438.24,Potential Loyalists,United Kingdom,5.293700208391273e-05
15882.0,198,5,495.36,Potential Loyalists,United Kingdom,5.983678658334933e-05
15883.0,2,2,396.48,Loyal Customers,United Kingdom,4.7892621819618747e-05
15885.0,92,3,379.35,Potential Loyalists,United Kingdom,4.582341123706712e-05
15886.0,60,1,181.09,At Risk,United Kingdom,2.1874684436326572e-05
15888.0,79,2,141.27,At Risk,United Kingdom,1.706464559235659e-05
15889.0,156,2,420.07,Potential Loyalists,United Kingdom,5.0742165172939985e-05
15891.0,226,1,511.68,At Risk,United Kingdom,6.180815358318836e-05
15894.0,253,2,258.25,At Risk,United Kingdom,3.11951916488008e-05
15895.0,149,1,179.17,Lost Customers,United Kingdom,2.1642758906933742e-05
15897.0,194,2,208.59,At Risk,United Kingdom,2.519653446669258e-05
15898.0,1,6,1379.63,Champions,United Kingdom,0.00016665178026886758
15899.0,368,1,56.25,Lost Customers,United Kingdom,6.794693243930475e-06
15900.0,23,1,337.28,Potential Loyalists,United Kingdom,4.074158466333991e-05
15901.0,16,3,351.73,Potential Loyalists,United Kingdom,4.248706586111406e-05
15903.0,9,8,5126.34,Champions,United Kingdom,0.0006192339158060542
15904.0,8,1,164.68,Potential Loyalists,United Kingdom,1.9892445927297253e-05
15906.0,19,8,1521.79,Champions,United Kingdom,0.00018382393300766145
15907.0,3,3,882.72,Loyal Customers,United Kingdom,0.00010662776213835215
15909.0,173,1,191.94,Lost Customers,United Kingdom,2.318530526648916e-05
15910.0,0,8,1228.88,Champions,United Kingdom,0.0001484420023751339
15912.0,178,2,264.62,Potential Loyalists,United Kingdom,3.196465291038013e-05
15916.0,16,10,1466.01,Champions,United Kingdom,0.0001770860132006136
15917.0,247,1,123.1,Lost Customers,United Kingdom,1.4869808681383846e-05
15918.0,190,2,334.23,At Risk,United Kingdom,4.037316129633569e-05
15919.0,19,2,525.69,Loyal Customers,United Kingdom,6.350048518047664e-05
15920.0,154,4,167.5,Potential Loyalists,United Kingdom,2.023308654859297e-05
15921.0,172,1,323.03000000000003,At Risk,United Kingdom,3.902026237487754e-05
15922.0,372,2,363.6,At Risk,United Kingdom,4.392089712876659e-05
15923.0,372,1,127.08,Lost Customers,United Kingdom,1.5350570976687728e-05
15925.0,194,1,207.15,Lost Customers,United Kingdom,2.502259031964796e-05
15930.0,67,1,426.63,At Risk,United Kingdom,5.153457739836548e-05
15932.0,4,11,2461.85,Champions,United Kingdom,0.0002973780544456931
15933.0,21,3,1107.46,Loyal Customers,United Kingdom,0.00013377512853196877
15935.0,239,2,416.86,At Risk,United Kingdom,5.035441467848636e-05
15937.0,64,1,145.35,At Risk,United Kingdom,1.7557487342316345e-05
15938.0,112,5,404.58,Potential Loyalists,United Kingdom,4.887105764674473e-05
15939.0,89,16,6102.26,Loyal Customers,United Kingdom,0.0007371197296836832
15940.0,311,2,31.799999999999997,At Risk,United Kingdom,3.841266580568695e-06
15942.0,133,1,337.44,At Risk,United Kingdom,4.076091179078932e-05
15944.0,276,1,325.1,Lost Customers,United Kingdom,3.927030708625417e-05
15945.0,365,1,181.0,Lost Customers,United Kingdom,2.1863812927136282e-05
15947.0,82,1,1708.24,Potential Loyalists,United Kingdom,0.000206346076213543
15948.0,8,2,955.24,Loyal Customers,United Kingdom,0.00011538778265479371
15949.0,16,2,364.72,Potential Loyalists,United Kingdom,4.405618702091241e-05
15950.0,1,5,1684.46,Champions,United Kingdom,0.0002034735818963756
15951.0,1,3,669.57,Loyal Customers,United Kingdom,8.088040453935161e-05
15952.0,33,4,781.91,Loyal Customers,United Kingdom,9.445046389976315e-05
15953.0,15,10,1632.4299999999998,Champions,United Kingdom,0.0001971886416389231
15955.0,24,16,4389.81,Champions,United Kingdom,0.0005302651084291278
15957.0,31,1,428.89,Potential Loyalists,United Kingdom,5.1807573073588286e-05
15958.0,74,1,104.35,Lost Customers,United Kingdom,1.2604910933407022e-05
15963.0,19,2,470.76,Loyal Customers,United Kingdom,5.6865240738003735e-05
15965.0,17,4,808.87,Loyal Customers,United Kingdom,9.770708487498743e-05
15967.0,23,2,397.68,Potential Loyalists,United Kingdom,4.803757527548927e-05
15969.0,2,4,582.9,Loyal Customers,United Kingdom,7.041114118910353e-05
15970.0,303,1,314.1,Lost Customers,United Kingdom,3.794156707410777e-05
15971.0,17,12,4199.85,Champions,United Kingdom,0.000507318976364825
15973.0,235,3,99.77000000000002,At Risk,United Kingdom,1.2051671910167885e-05
15974.0,39,8,3429.55,Champions,United Kingdom,0.00041427093715060907
15975.0,84,1,371.01,At Risk,United Kingdom,4.481598471876703e-05
15976.0,165,2,427.64,Potential Loyalists,United Kingdom,5.165657989038983e-05
15977.0,17,2,1054.73,Loyal Customers,United Kingdom,0.00012740563209192514
15978.0,77,1,1098.78,Potential Loyalists,United Kingdom,0.00013272663186783868
15980.0,88,3,2398.86,Loyal Customers,United Kingdom,0.0002897692059579566
15981.0,24,8,3408.48,Champions,United Kingdom,0.0004117257960546159
15983.0,22,4,1465.12,Loyal Customers,United Kingdom,0.0001769785060541763
15984.0,2,11,2759.93,Champions,United Kingdom,0.00033338449288392946
15985.0,123,3,1037.42,Potential Loyalists,United Kingdom,0.00012531467849099295
15986.0,30,1,168.12,At Risk,United Kingdom,2.03079791674594e-05
15987.0,12,7,1432.77,Champions,United Kingdom,0.0001730708024730003
15988.0,19,1,156.78,At Risk,United Kingdom,1.8938169009483018e-05
15990.0,44,2,792.11,Potential Loyalists,United Kingdom,9.568256827466254e-05
15992.0,3,1,41.989999999999995,Potential Loyalists,United Kingdom,5.072163010002499e-06
15993.0,8,10,2736.92,Champions,United Kingdom,0.00033060501036761235
15994.0,54,1,414.27,At Risk,United Kingdom,5.0041556802899155e-05
15996.0,88,7,1016.6800000000001,Loyal Customers,United Kingdom,0.00012280939959536419
15998.0,36,6,3074.42,Loyal Customers,United Kingdom,0.0003713731698311952
16000.0,2,3,12393.7,Champions,United Kingdom,0.0014970913716853534
16003.0,29,5,2735.37,Champions,United Kingdom,0.00033041777882044624
16005.0,12,4,578.71,Loyal Customers,United Kingdom,6.990501203902232e-05
16006.0,211,1,101.4,Lost Customers,United Kingdom,1.2248567021058669e-05
16007.0,47,4,1693.81,Loyal Customers,United Kingdom,0.00020460301090670003
16008.0,23,3,478.78,Loyal Customers,United Kingdom,5.783401300140502e-05
16009.0,22,4,972.11,Loyal Customers,United Kingdom,0.00011742558665524006
16010.0,245,3,392.4,At Risk,United Kingdom,4.7399780069658985e-05
16011.0,8,16,3352.96,Champions,United Kingdom,0.0004050192828296733
16012.0,35,3,1415.29,Loyal Customers,United Kingdom,0.00017095931379915307
16013.0,3,54,33366.25,Champions,United Kingdom,0.0040304610391163585
16014.0,35,4,637.58,Loyal Customers,United Kingdom,7.701618699493674e-05
16015.0,3,4,689.6999999999999,Loyal Customers,United Kingdom,8.331199876157952e-05
16016.0,3,10,1440.06,Champions,United Kingdom,0.00017395139471741366
16017.0,47,1,211.88,At Risk,United Kingdom,2.5593948524870915e-05
16018.0,39,2,408.90000000000003,Potential Loyalists,United Kingdom,4.9392890087878596e-05
16019.0,1,10,3450.2400000000002,Champions,United Kingdom,0.0004167701763189099
16020.0,16,3,851.01,Loyal Customers,United Kingdom,0.00010279736706697374
16022.0,260,1,602.63,At Risk,United Kingdom,7.279441759270794e-05
16023.0,46,3,719.81,Potential Loyalists,United Kingdom,8.69491225584639e-05
16024.0,12,1,251.03,Potential Loyalists,United Kingdom,3.0323055022646525e-05
16025.0,29,1,439.65999999999997,Potential Loyalists,United Kingdom,5.3108530340026174e-05
16026.0,43,1,236.09,At Risk,United Kingdom,2.8518384497058592e-05
16027.0,91,7,852.12,Loyal Customers,United Kingdom,0.00010293144901365397
16029.0,38,76,53168.69,Champions,United Kingdom,0.00642248779967349
16030.0,309,1,331.24,Lost Customers,United Kingdom,4.0011985602124987e-05
16031.0,92,2,547.9,Potential Loyalists,United Kingdom,6.618333205954678e-05
16033.0,5,27,8690.03,Champions,United Kingdom,0.001049708233432056
16034.0,196,3,437.7,At Risk,United Kingdom,5.2871773028770996e-05
16036.0,87,2,758.92,Potential Loyalists,United Kingdom,9.167339727437716e-05
16037.0,269,3,855.02,Potential Loyalists,United Kingdom,0.00010328175319867439
16038.0,7,4,454.33000000000004,Loyal Customers,United Kingdom,5.4880586338043246e-05
16040.0,65,3,1313.55,Loyal Customers,United Kingdom,0.00015866967663226444
16041.0,30,3,3166.4,Loyal Customers,United Kingdom,0.0003824838522236703
16042.0,22,7,1127.57,Champions,United Kingdom,0.0001362043068632655
16043.0,37,4,773.99,Loyal Customers,United Kingdom,9.349377109101775e-05
16045.0,119,4,1340.7,Loyal Customers,United Kingdom,0.0001619492485713349
16048.0,85,3,243.69000000000003,Potential Loyalists,United Kingdom,2.94364230509052e-05
16049.0,40,3,1074.81,Loyal Customers,United Kingdom,0.0001298311865868251
16050.0,173,1,137.9,Lost Customers,United Kingdom,1.6657567970453553e-05
16052.0,54,1,362.06,At Risk,United Kingdom,4.373487352706609e-05
16053.0,32,2,1511.95,Loyal Customers,United Kingdom,0.00018263531466952321
16054.0,145,1,783.9,At Risk,United Kingdom,9.469084504741509e-05
16055.0,220,1,134.8,Lost Customers,United Kingdom,1.6283104876121388e-05
16056.0,45,1,650.75,Potential Loyalists,United Kingdom,7.860705117311566e-05
16057.0,4,10,2140.2200000000003,Champions,United Kingdom,0.0002585269044359979
16059.0,65,6,1453.16,Loyal Customers,United Kingdom,0.0001755338032773335
16061.0,269,1,-29.95,Lost Customers,United Kingdom,-3.6177966694349815e-06
16062.0,9,4,1153.62,Champions,United Kingdom,0.0001393510048011213
16063.0,260,1,335.32,Lost Customers,United Kingdom,4.050482735208474e-05
16065.0,365,1,367.14,Lost Customers,United Kingdom,4.434850982358461e-05
16066.0,16,5,1521.04,Loyal Customers,United Kingdom,0.00018373333709774238
16070.0,22,2,852.15,Loyal Customers,United Kingdom,0.00010293507285005073
16071.0,44,1,326.24,At Risk,United Kingdom,3.940801286933116e-05
16072.0,288,1,584.3199999999999,At Risk,United Kingdom,7.058266944521696e-05
16073.0,291,2,94.35,At Risk,United Kingdom,1.1396965467819382e-05
16076.0,3,11,2173.53,Champions,United Kingdom,0.0002625505707818703
16078.0,283,1,79.2,Lost Customers,United Kingdom,9.566928087454109e-06
16079.0,16,3,1352.0,Loyal Customers,United Kingdom,0.0001633142269474489
16080.0,81,3,176.6,At Risk,United Kingdom,2.133231692227772e-05
16081.0,56,5,2799.42,Loyal Customers,United Kingdom,0.0003381546695275351
16083.0,100,2,1317.62,Potential Loyalists,United Kingdom,0.0001591613104367586
16084.0,299,1,436.18,Lost Customers,United Kingdom,5.268816531800168e-05
16085.0,23,5,981.51,Loyal Customers,United Kingdom,0.00011856105539289244
16086.0,59,6,1119.31,Loyal Customers,United Kingdom,0.0001352065439086901
16091.0,154,2,315.06,Potential Loyalists,United Kingdom,3.8057529838804184e-05
16092.0,98,5,779.36,Potential Loyalists,United Kingdom,9.414243780603831e-05
16093.0,106,1,17.0,Lost Customers,United Kingdom,2.0535072914989877e-06
16094.0,11,6,1041.83,Champions,United Kingdom,0.0001258473824413171
16096.0,264,1,320.62,Lost Customers,United Kingdom,3.872914751767091e-05
16097.0,240,1,185.04999999999998,Lost Customers,United Kingdom,2.2353030840699275e-05
16098.0,87,7,2005.63,Loyal Customers,United Kingdom,0.00024226916641465382
16099.0,50,3,731.9,Potential Loyalists,United Kingdom,8.840952862635936e-05
16101.0,9,3,1245.96,Loyal Customers,United Kingdom,0.00015050517323035757
16102.0,42,3,1842.14,Loyal Customers,United Kingdom,0.00022252046599776151
16103.0,7,6,1429.64,Champions,United Kingdom,0.00017269271554227136
16104.0,61,1,298.21,At Risk,United Kingdom,3.6022141729289005e-05
16105.0,248,1,336.96,Lost Customers,United Kingdom,4.070293040844111e-05
16106.0,65,1,108.38,At Risk,United Kingdom,1.309171295603884e-05
16107.0,17,7,3204.1600000000003,Champions,United Kingdom,0.00038704505430172927
16108.0,84,2,816.1,Potential Loyalists,United Kingdom,9.85804294466073e-05
16109.0,218,2,611.88,Potential Loyalists,United Kingdom,7.391176714837651e-05
16110.0,45,3,1320.95,Loyal Customers,United Kingdom,0.0001595635562767993
16112.0,143,4,195.73999999999998,Potential Loyalists,United Kingdom,2.364432454341246e-05
16113.0,183,1,161.38,Lost Customers,United Kingdom,1.949382392365333e-05
16114.0,170,1,135.75000000000003,Lost Customers,United Kingdom,1.6397859695352215e-05
16115.0,9,8,1660.8799999999999,Champions,United Kingdom,0.00020062524648851993
16116.0,205,2,592.88,Potential Loyalists,United Kingdom,7.161667076375999e-05
16117.0,189,1,232.21,Lost Customers,United Kingdom,2.8049701656410588e-05
16119.0,8,2,423.36,Loyal Customers,United Kingdom,5.113957923111832e-05
16120.0,59,5,1294.14,Loyal Customers,United Kingdom,0.00015632505448355885
16121.0,57,2,854.66,Potential Loyalists,United Kingdom,0.00010323826716191323
16122.0,73,4,684.4200000000001,Potential Loyalists,United Kingdom,8.267420355574926e-05
16123.0,51,1,307.78,At Risk,United Kingdom,3.717814553985638e-05
16124.0,316,2,187.15,At Risk,United Kingdom,2.260669938847268e-05
16125.0,367,1,289.35,Lost Customers,United Kingdom,3.495190204677836e-05
16126.0,29,4,6287.77,Champions,United Kingdom,0.0007595283260157995
16127.0,39,1,656.25,Potential Loyalists,United Kingdom,7.927142117918886e-05
16128.0,17,5,1880.22,Loyal Customers,United Kingdom,0.00022712032233071922
16131.0,51,6,3506.54,Loyal Customers,United Kingdom,0.0004235709092901683
16133.0,3,46,14305.66,Champions,United Kingdom,0.0017280457129238477
16134.0,21,3,603.69,Loyal Customers,United Kingdom,7.292245981206024e-05
16135.0,262,1,517.55,At Risk,United Kingdom,6.25172175714883e-05
16136.0,59,3,709.38,Potential Loyalists,United Kingdom,8.5689235437856e-05
16138.0,368,1,-7.95,Lost Customers,United Kingdom,-9.603166451421737e-07
16139.0,18,3,635.41,Loyal Customers,United Kingdom,7.675406282890422e-05
16140.0,52,4,703.77,Loyal Customers,United Kingdom,8.501157803166133e-05
16141.0,88,1,620.4,At Risk,United Kingdom,7.494093668505718e-05
16142.0,249,1,535.34,At Risk,United Kingdom,6.466615255476872e-05
16143.0,3,7,2419.84,Champions,United Kingdom,0.0002923034755447595
16144.0,246,1,175.2,Lost Customers,United Kingdom,2.116320455709545e-05
16145.0,8,18,3741.98,Champions,United Kingdom,0.0004520107773319637
16146.0,157,3,734.13,Potential Loyalists,United Kingdom,8.86789004651854e-05
16147.0,133,1,375.0,At Risk,United Kingdom,4.529795495953649e-05
16148.0,296,1,76.32000000000001,Lost Customers,United Kingdom,9.219039793364868e-06
16149.0,4,2,280.52,Loyal Customers,United Kingdom,3.388528620066447e-05
16150.0,38,10,1906.07,Loyal Customers,United Kingdom,0.00023024286135926326
16152.0,268,1,1829.04,At Risk,United Kingdom,0.00022093805743784168
16153.0,49,5,1824.23,Loyal Customers,United Kingdom,0.00022035703566889404
16156.0,8,13,2994.62,Champions,United Kingdom,0.0003617337650158058
16157.0,15,4,644.24,Loyal Customers,United Kingdom,7.782067867501812e-05
16159.0,281,1,348.2,Lost Customers,United Kingdom,4.206066111176162e-05
16160.0,64,4,1009.4499999999999,Loyal Customers,United Kingdom,0.0001219360550237443
16161.0,1,26,5311.08,Champions,United Kingdom,0.0006415495003373202
16162.0,252,1,37.4,Lost Customers,United Kingdom,4.517716041297773e-06
16163.0,225,3,441.59999999999997,At Risk,United Kingdom,5.334287176035017e-05
16164.0,17,4,802.53,Loyal Customers,United Kingdom,9.694124744980486e-05
16168.0,10,28,3770.6,Champions,United Kingdom,0.0004554679172544755
16169.0,8,4,1822.97,Champions,United Kingdom,0.00022020483454023
16170.0,50,7,1880.4199999999998,Loyal Customers,United Kingdom,0.00022714448124003096
16171.0,59,1,73.2,At Risk,United Kingdom,8.842160808101524e-06
16172.0,95,5,1140.21,Loyal Customers,United Kingdom,0.0001377311499317683
16173.0,15,7,1406.57,Champions,United Kingdom,0.00016990598535316064
16174.0,126,3,1009.5500000000001,Potential Loyalists,United Kingdom,0.0001219481344784002
16175.0,94,4,1037.59,Loyal Customers,United Kingdom,0.00012533521356390792
16177.0,50,1,331.95,At Risk,United Kingdom,4.0097749730181704e-05
16178.0,138,1,197.9,Lost Customers,United Kingdom,2.3905240763979394e-05
16179.0,60,1,215.83,At Risk,United Kingdom,2.6071086983778035e-05
16180.0,100,10,10217.48,Loyal Customers,United Kingdom,0.00123421586357324
16181.0,73,1,305.54,At Risk,United Kingdom,3.690756575556475e-05
16182.0,72,4,6617.65,Loyal Customers,United Kingdom,0.0007993760310346044
16183.0,67,1,338.71000000000004,At Risk,United Kingdom,4.091432086491895e-05
16184.0,64,7,1155.54,Loyal Customers,United Kingdom,0.00013958293033051414
16185.0,16,2,529.41,Loyal Customers,United Kingdom,6.394984089367524e-05
16186.0,22,13,3991.94,Champions,United Kingdom,0.0004822045821897923
16187.0,31,17,6841.24,Champions,United Kingdom,0.0008263844836996785
16188.0,44,4,981.86,Loyal Customers,United Kingdom,0.00011860333348418801
16189.0,15,2,215.48,Potential Loyalists,United Kingdom,2.6028808892482464e-05
16190.0,40,1,215.08,At Risk,United Kingdom,2.598049107385896e-05
16191.0,2,25,4913.32,Champions,United Kingdom,0.0005935022614981062
16193.0,236,1,314.45,Lost Customers,United Kingdom,3.798384516540333e-05
16198.0,75,1,400.68100000000004,At Risk,United Kingdom,4.840007970971212e-05
16200.0,4,2,1068.8700000000001,Loyal Customers,United Kingdom,0.00012911366698026608
16201.0,3,5,1821.52,Champions,United Kingdom,0.00022002968244771979
16202.0,360,1,365.27,Lost Customers,United Kingdom,4.412262402151972e-05
16203.0,58,5,589.15,Loyal Customers,United Kingdom,7.11661071050958e-05
16204.0,23,1,384.18,Potential Loyalists,United Kingdom,4.640684889694595e-05
16205.0,30,4,757.63,Loyal Customers,United Kingdom,9.151757230931636e-05
16206.0,54,4,537.0600000000001,Loyal Customers,United Kingdom,6.48739191748498e-05
16207.0,25,1,394.38,Potential Loyalists,United Kingdom,4.763895327184534e-05
16208.0,44,2,664.26,Potential Loyalists,United Kingdom,8.023898549712457e-05
16209.0,88,5,2262.62,Loyal Customers,United Kingdom,0.0002733121569347906
16210.0,1,18,21086.3,Champions,United Kingdom,0.002547110047102065
16211.0,81,2,542.77,Potential Loyalists,United Kingdom,6.556365603570033e-05
16212.0,19,3,681.19,Loyal Customers,United Kingdom,8.228403717036444e-05
16213.0,78,1,159.0,Lost Customers,United Kingdom,1.9206332902843474e-05
16214.0,170,3,1062.75,Potential Loyalists,United Kingdom,0.00012837440435532643
16215.0,80,1,242.35,At Risk,United Kingdom,2.9274558358516454e-05
16216.0,267,1,914.9300000000001,At Risk,United Kingdom,0.00011051855448300995
16217.0,235,4,259.39000000000004,Potential Loyalists,United Kingdom,3.13328974318778e-05
16218.0,29,8,3054.87,Champions,United Kingdom,0.0003690116364459713
16221.0,36,3,860.86,Potential Loyalists,United Kingdom,0.00010398719335057757
16222.0,318,1,773.5500000000001,At Risk,United Kingdom,9.344062149053189e-05
16224.0,57,4,1295.3,Loyal Customers,United Kingdom,0.000156465176157567
16225.0,44,5,1096.32,Loyal Customers,United Kingdom,0.00013242947728330412
16226.0,203,3,255.12,At Risk,United Kingdom,3.081710471807187e-05
16227.0,219,2,308.32000000000005,At Risk,United Kingdom,3.7243374594998116e-05
16229.0,87,2,1010.6,Potential Loyalists,United Kingdom,0.0001220749687522869
16230.0,189,2,542.03,Potential Loyalists,United Kingdom,6.547426807124684e-05
16232.0,32,5,983.23,Loyal Customers,United Kingdom,0.00011876882201297352
16233.0,71,5,422.13,Potential Loyalists,United Kingdom,5.0991001938851044e-05
16235.0,40,6,858.41,Loyal Customers,United Kingdom,0.0001036912467115086
16236.0,78,1,432.2,At Risk,United Kingdom,5.220740302269779e-05
16239.0,56,3,372.9,Potential Loyalists,United Kingdom,4.504428641176309e-05
16240.0,8,5,3693.81,Champions,United Kingdom,0.000446192104024228
16241.0,9,13,2590.31,Champions,United Kingdom,0.00031289532189663195
16242.0,8,8,3574.91,Champions,United Kingdom,0.00043182963243839094
16243.0,33,2,409.1,Potential Loyalists,United Kingdom,4.941704899719035e-05
16244.0,211,2,1522.75,Potential Loyalists,United Kingdom,0.00018393989577235786
16245.0,23,5,1352.3600000000001,Loyal Customers,United Kingdom,0.00016335771298421007
16247.0,170,1,114.56,Lost Customers,United Kingdom,1.3838223253772003e-05
16248.0,61,1,152.94,At Risk,United Kingdom,1.8474317950697363e-05
16249.0,52,5,1800.07,Loyal Customers,United Kingdom,0.00021743863942403428
16250.0,261,2,389.44,At Risk,United Kingdom,4.7042228211845046e-05
16252.0,366,1,-295.09,Lost Customers,United Kingdom,-3.564526274402566e-05
16253.0,31,3,3665.62,Loyal Customers,United Kingdom,0.00044278690575673646
16255.0,16,10,2609.3,Champions,United Kingdom,0.0003151892103357829
16256.0,257,2,732.63,Potential Loyalists,United Kingdom,8.849770864534727e-05
16257.0,176,1,46.95,Lost Customers,United Kingdom,5.671303960933969e-06
16258.0,45,5,5203.51,Loyal Customers,United Kingdom,0.000628555630963994
16260.0,50,1,1035.45,Potential Loyalists,United Kingdom,0.0001250767132342722
16261.0,17,4,728.54,Loyal Customers,United Kingdom,8.800365894992191e-05
16262.0,360,1,-31.65,Lost Customers,United Kingdom,-3.82314739858488e-06
16265.0,9,11,5423.15,Champions,United Kingdom,0.0006550869451701609
16266.0,73,7,861.89,Loyal Customers,United Kingdom,0.0001041116117335331
16268.0,71,2,667.65,Potential Loyalists,United Kingdom,8.064847900995878e-05
16270.0,353,1,1141.24,At Risk,United Kingdom,0.00013785556831472383
16271.0,2,6,1398.69,Champions,United Kingdom,0.00016895412432627762
16272.0,116,1,411.7,At Risk,United Kingdom,4.973111481824313e-05
16274.0,373,1,351.75,Lost Customers,United Kingdom,4.248948175204523e-05
16275.0,196,1,559.87,At Risk,United Kingdom,6.762924278185519e-05
16276.0,176,1,810.6000000000001,At Risk,United Kingdom,9.791605944053411e-05
16278.0,23,3,537.83,Loyal Customers,United Kingdom,6.496693097570004e-05
16279.0,21,4,1489.88,Loyal Customers,United Kingdom,0.0001799693790269713
16281.0,72,1,2062.06,Potential Loyalists,United Kingdom,0.0002490856026769649
16282.0,339,1,168.3,Lost Customers,United Kingdom,2.032972218583998e-05
16283.0,5,7,1531.51,Champions,United Kingdom,0.00018499805600021263
16284.0,31,2,812.68,Loyal Customers,United Kingdom,9.816731209737631e-05
16287.0,169,1,142.5,Lost Customers,United Kingdom,1.721322288462387e-05
16292.0,117,2,280.9,Potential Loyalists,United Kingdom,3.39311881283568e-05
16293.0,8,12,2236.7400000000002,Champions,United Kingdom,0.0002701859940698498
16295.0,9,4,1328.55,Champions,United Kingdom,0.0001604815948306459
16297.0,212,4,275.4,Potential Loyalists,United Kingdom,3.32668181222836e-05
16298.0,22,3,598.2,Loyal Customers,United Kingdom,7.225929775145262e-05
16302.0,107,2,212.82,At Risk,United Kingdom,2.5707495398636152e-05
16303.0,25,4,5305.83,Champions,United Kingdom,0.0006409153289678867
16305.0,138,1,361.21999999999997,At Risk,United Kingdom,4.3633406107956725e-05
16306.0,213,9,602.27,Potential Loyalists,United Kingdom,7.275093155594678e-05
16308.0,37,4,2560.0,Loyal Customers,United Kingdom,0.0003092340391904358
16309.0,91,3,686.67,Potential Loyalists,United Kingdom,8.294599128550647e-05
16311.0,17,2,616.26,Loyal Customers,United Kingdom,7.44408472623039e-05
16313.0,3,2,274.15000000000003,Loyal Customers,United Kingdom,3.311582493908515e-05
16315.0,330,1,226.37,Lost Customers,United Kingdom,2.7344261504507404e-05
16316.0,64,12,2755.56,Champions,United Kingdom,0.0003328566207154677
16317.0,119,3,1341.65,Potential Loyalists,United Kingdom,0.00016206400339056573
16318.0,35,1,328.15,Potential Loyalists,United Kingdom,3.96387304532584e-05
16319.0,217,1,404.40000000000003,At Risk,United Kingdom,4.884931462836416e-05
16320.0,172,2,1038.46,Potential Loyalists,Unspecified,0.00012544030481941406
16321.0,72,7,230.70000000000002,Potential Loyalists,Australia,2.7867301891106856e-05
16322.0,1,2,326.75,Loyal Customers,United Kingdom,3.9469618088076134e-05
16323.0,196,1,207.50000000000003,Lost Customers,United Kingdom,2.506486841094353e-05
16324.0,128,3,408.59000000000003,Potential Loyalists,United Kingdom,4.9355443778445385e-05
16325.0,44,5,510.54,Loyal Customers,United Kingdom,6.167044780011137e-05
16326.0,5,15,3014.2200000000003,Champions,United Kingdom,0.00036410133812835765
16327.0,14,6,3820.27,Champions,United Kingdom,0.0004614677823820493
16330.0,17,4,242.21,Loyal Customers,United Kingdom,2.9257647121998228e-05
16332.0,28,8,1572.8,Champions,United Kingdom,0.000189985662827624
16333.0,7,22,26626.8,Champions,United Kingdom,0.003216372232310897
16337.0,36,1,151.05,At Risk,United Kingdom,1.8246016257701302e-05
16338.0,157,1,214.79999999999998,At Risk,United Kingdom,2.5946668600822502e-05
16339.0,284,1,94.05,Lost Customers,United Kingdom,1.1360727103851754e-05
16340.0,107,1,534.31,Potential Loyalists,United Kingdom,6.454173417181318e-05
16341.0,24,6,1959.38,Loyal Customers,United Kingdom,0.000236682418636311
16342.0,75,4,322.41,Potential Loyalists,United Kingdom,3.89453697560111e-05
16343.0,16,2,328.58,Potential Loyalists,United Kingdom,3.969067210827867e-05
16344.0,158,1,101.10000000000001,At Risk,United Kingdom,1.221232865709104e-05
16345.0,44,1,565.46,Potential Loyalists,United Kingdom,6.830448429711869e-05
16347.0,11,2,847.45,Loyal Customers,United Kingdom,0.00010236733848122455
16348.0,32,7,1415.65,Loyal Customers,United Kingdom,0.00017100279983591426
16349.0,290,1,53.5,Lost Customers,United Kingdom,6.462508240893874e-06
16350.0,21,5,1100.47,Loyal Customers,United Kingdom,0.000132930774651523
16351.0,332,1,153.9,Lost Customers,United Kingdom,1.8590280715393777e-05
16352.0,17,2,494.44,Loyal Customers,United Kingdom,5.972565560051526e-05
16353.0,3,23,6675.71,Champions,United Kingdom,0.0008063893624078064
16354.0,63,2,395.8,Potential Loyalists,United Kingdom,4.781048152795879e-05
16356.0,197,4,210.32000000000002,At Risk,United Kingdom,2.5405509032239243e-05
16357.0,33,3,658.88,Potential Loyalists,United Kingdom,7.958911083663841e-05
16358.0,1,5,2024.95,Champions,United Kingdom,0.00024460291705416916
16359.0,7,12,1460.3700000000001,Champions,United Kingdom,0.00017640473195802217
16360.0,4,8,3349.57,Champions,United Kingdom,0.0004046097893168391
16361.0,9,4,891.21,Loyal Customers,United Kingdom,0.00010765330783863606
16362.0,32,9,627.29,Loyal Customers,United Kingdom,7.577321111084706e-05
16363.0,53,1,109.36000000000001,At Risk,United Kingdom,1.3210091611666431e-05
16364.0,11,2,705.79,Loyal Customers,United Kingdom,8.525558301571003e-05
16365.0,17,9,1540.42,Champions,United Kingdom,0.00018607433541005124
16366.0,18,1,327.3,Potential Loyalists,United Kingdom,3.9536055088683454e-05
16367.0,37,2,800.67,Potential Loyalists,United Kingdom,9.671656959320556e-05
16368.0,2,2,479.91,Loyal Customers,United Kingdom,5.797051083901643e-05
16369.0,18,3,1545.41,Loyal Customers,United Kingdom,0.00018667710019737948
16370.0,82,4,1301.91,Loyal Customers,United Kingdom,0.00015726362811032044
16372.0,33,2,355.73,Potential Loyalists,United Kingdom,4.297024404734912e-05
16374.0,66,2,466.73,Potential Loyalists,United Kingdom,5.637843871537192e-05
16376.0,8,3,965.47,Loyal Customers,United Kingdom,0.00011662351086608987
16377.0,267,1,676.2,At Risk,United Kingdom,8.168127238303622e-05
16378.0,247,3,362.95,At Risk,United Kingdom,4.3842380673503385e-05
16379.0,4,5,2131.9,Champions,United Kingdom,0.000257521893808629
16380.0,61,1,1743.1499999999999,Potential Loyalists,United Kingdom,0.00021056301383390942
16383.0,74,2,643.76,Potential Loyalists,United Kingdom,7.77626972926699e-05
16384.0,89,2,584.5,Potential Loyalists,United Kingdom,7.060441246359755e-05
16385.0,60,3,554.86,Potential Loyalists,United Kingdom,6.702406210359579e-05
16386.0,28,2,302.57,Potential Loyalists,United Kingdom,3.654880595228522e-05
16387.0,322,1,94.36,Lost Customers,United Kingdom,1.139817341328497e-05
16389.0,53,5,1362.27,Loyal Customers,United Kingdom,0.00016455478694060743
16392.0,269,1,217.89,Lost Customers,United Kingdom,2.6319923749689083e-05
16393.0,2,20,2935.8,Champions,United Kingdom,0.00035462862978721934
16394.0,50,9,1412.06,Loyal Customers,United Kingdom,0.00017056914741376828
16395.0,60,5,1482.06,Loyal Customers,United Kingdom,0.00017902476567288175
16398.0,144,4,1631.15,Loyal Customers,United Kingdom,0.00019703402461932788
16399.0,19,2,408.02,Potential Loyalists,United Kingdom,4.9286590886906884e-05
16400.0,94,1,303.93,At Risk,United Kingdom,3.671308653560514e-05
16401.0,1,20,4061.24,Champions,United Kingdom,0.0004905756442663146
16402.0,264,2,293.45,At Risk,United Kingdom,3.544715968766929e-05
16403.0,302,2,161.04999999999998,At Risk,United Kingdom,1.945396172328894e-05
16404.0,70,1,443.05,Potential Loyalists,United Kingdom,5.3518023852860386e-05
16405.0,302,2,167.25,At Risk,United Kingdom,2.0202887911953276e-05
16406.0,18,1,154.35,Potential Loyalists,United Kingdom,1.864463826134522e-05
16407.0,12,10,2079.68,Champions,United Kingdom,0.0002512140025873303
16409.0,36,5,2022.98,Loyal Customers,United Kingdom,0.00024436495179744837
16411.0,19,2,211.7,Potential Loyalists,United Kingdom,2.5572205506490336e-05
16412.0,53,1,135.99,At Risk,United Kingdom,1.6426850386526315e-05
16413.0,56,1,262.2,Potential Loyalists,United Kingdom,3.167233010770792e-05
16414.0,21,2,126.25,Potential Loyalists,United Kingdom,1.5250311503043954e-05
16415.0,44,1,200.27,At Risk,United Kingdom,2.4191523839323667e-05
16416.0,26,4,1026.99,Loyal Customers,United Kingdom,0.00012405479137038504
16418.0,44,3,631.12,Potential Loyalists,United Kingdom,7.623585422416713e-05
16419.0,112,7,945.96,Loyal Customers,United Kingdom,0.00011426680926272838
16422.0,17,75,33805.69,Champions,United Kingdom,0.004083542994656142
16423.0,24,1,346.12,Potential Loyalists,United Kingdom,4.1809408454919395e-05
16424.0,191,2,82.56,At Risk,United Kingdom,9.972797763891555e-06
16425.0,302,1,302.7,At Risk,United Kingdom,3.656450924333786e-05
16426.0,2,10,1863.76,Champions,United Kingdom,0.00022513204409436196
16427.0,263,2,241.06,At Risk,United Kingdom,2.9118733393455647e-05
16428.0,81,1,-2.95,At Risk,United Kingdom,-3.5634391234835376e-07
16429.0,106,1,284.55,At Risk,United Kingdom,3.437208822329629e-05
16430.0,57,1,300.85,Potential Loyalists,United Kingdom,3.634103933220415e-05
16431.0,213,3,623.28,Potential Loyalists,United Kingdom,7.528882497914641e-05
16432.0,64,1,287.4,Potential Loyalists,United Kingdom,3.471635268098877e-05
16433.0,28,1,184.26,Potential Loyalists,United Kingdom,2.2257603148917852e-05
16434.0,29,7,1511.8,Champions,United Kingdom,0.0001826171954875394
16438.0,5,5,798.35,Loyal Customers,United Kingdom,9.643632624518924e-05
16440.0,7,5,3640.67,Champions,United Kingdom,0.0004397730818200953
16441.0,67,2,381.2,Potential Loyalists,United Kingdom,4.604688114820083e-05
16442.0,1,3,609.3,Loyal Customers,United Kingdom,7.360011721825489e-05
16444.0,46,5,638.77,Loyal Customers,United Kingdom,7.715993250534167e-05
16445.0,33,1,230.51,At Risk,United Kingdom,2.7844350927260686e-05
16446.0,0,3,2.8999999999941792,Potential Loyalists,United Kingdom,3.5030418501971246e-07
16447.0,135,1,255.91,At Risk,United Kingdom,3.091253240985329e-05
16448.0,198,1,182.99,Lost Customers,United Kingdom,2.2104194074788223e-05
16449.0,190,3,674.69,Potential Loyalists,United Kingdom,8.149887261773248e-05
16450.0,149,1,311.92,At Risk,United Kingdom,3.7678234962609665e-05
16451.0,87,1,266.97,At Risk,United Kingdom,3.224852009479323e-05
16454.0,44,3,-8.15,Potential Loyalists,United Kingdom,-9.844755544539265e-07
16455.0,63,7,1841.18,Loyal Customers,United Kingdom,0.00022240450323306508
16456.0,99,5,2158.18,Loyal Customers,United Kingdom,0.00026069637449219326
16457.0,218,1,208.36,Lost Customers,United Kingdom,2.5168751720984065e-05
16458.0,2,18,3482.7400000000002,Champions,United Kingdom,0.00042069599908206974
16460.0,28,3,811.23,Loyal Customers,United Kingdom,9.79921600048661e-05
16461.0,177,1,142.92,At Risk,United Kingdom,1.7263956594178548e-05
16462.0,64,4,102.0,Potential Loyalists,United Kingdom,1.2321043748993927e-05
16463.0,21,7,1383.7,Champions,United Kingdom,0.00016714341407336175
16464.0,19,3,1298.66,Loyal Customers,United Kingdom,0.00015687104583400445
16466.0,33,7,1595.96,Loyal Customers,United Kingdom,0.00019278326452592498
16468.0,74,1,74.9,At Risk,United Kingdom,9.047511537251424e-06
16469.0,23,4,625.42,Loyal Customers,United Kingdom,7.554732530878216e-05
16470.0,51,5,747.82,Loyal Customers,United Kingdom,9.033257780757489e-05
16471.0,274,1,223.95000000000002,Lost Customers,United Kingdom,2.7051938701835198e-05
16473.0,164,4,314.86,Potential Loyalists,United Kingdom,3.803337092949243e-05
16474.0,7,11,1750.6200000000001,Champions,United Kingdom,0.00021146534909670343
16475.0,88,4,544.3,Potential Loyalists,United Kingdom,6.574847169193523e-05
16477.0,63,7,2494.46,Champions,United Kingdom,0.0003013171646089744
16478.0,25,3,331.0,Potential Loyalists,United Kingdom,3.9982994910950884e-05
16479.0,10,2,300.83,Loyal Customers,United Kingdom,3.633862344127297e-05
16480.0,75,1,769.29,Potential Loyalists,United Kingdom,9.292603672219154e-05
16482.0,15,1,220.62,Potential Loyalists,United Kingdom,2.664969286179451e-05
16483.0,192,1,139.35,Lost Customers,United Kingdom,1.683272006296376e-05
16484.0,173,3,379.4,Potential Loyalists,United Kingdom,4.5829450964395056e-05
16485.0,77,1,363.65,At Risk,United Kingdom,4.392693685609452e-05
16488.0,33,4,492.2,Loyal Customers,United Kingdom,5.945507581622363e-05
16491.0,46,1,731.5,Potential Loyalists,United Kingdom,8.836121080773585e-05
16493.0,72,6,1329.66,Loyal Customers,United Kingdom,0.00016061567677732612
16494.0,296,1,826.53,At Risk,United Kingdom,9.98403165672152e-05
16495.0,3,3,648.26,Loyal Customers,United Kingdom,7.830627275218434e-05
16496.0,8,4,1562.22,Champions,United Kingdom,0.0001887076565250323
16497.0,49,6,2965.69,Loyal Customers,United Kingdom,0.00035823917878386076
16498.0,161,3,86.12,At Risk,United Kingdom,1.0402826349640755e-05
16499.0,360,5,319.1,Potential Loyalists,United Kingdom,3.854553980690159e-05
16500.0,4,6,400.86,Loyal Customers,United Kingdom,4.8421701933546135e-05
16503.0,106,5,1421.43,Loyal Customers,United Kingdom,0.0001717009923150239
16504.0,25,1,465.88,Potential Loyalists,United Kingdom,5.627576335079697e-05
16505.0,31,1,777.6,Potential Loyalists,United Kingdom,9.392983940409489e-05
16506.0,19,2,90.30000000000001,Potential Loyalists,United Kingdom,1.090774755425639e-05
16509.0,296,1,363.7,At Risk,United Kingdom,4.393297658342246e-05
16510.0,372,1,248.1,At Risk,United Kingdom,2.9969127001229344e-05
16511.0,21,3,918.33,Loyal Customers,United Kingdom,0.00011092925594130974
16513.0,4,4,874.59,Loyal Customers,United Kingdom,0.0001056457024748294
16515.0,52,5,1624.14,Loyal Customers,United Kingdom,0.00019618725484795097
16516.0,30,1,101.69999999999999,Potential Loyalists,United Kingdom,1.2284805385026297e-05
16517.0,277,1,162.7,Lost Customers,United Kingdom,1.96532727251109e-05
16518.0,61,3,480.92,Potential Loyalists,United Kingdom,5.809251333104078e-05
16519.0,25,2,215.07999999999998,Potential Loyalists,United Kingdom,2.5980491073858957e-05
16520.0,186,4,1036.6200000000001,Potential Loyalists,United Kingdom,0.00012521804285374594
16523.0,1,28,9295.67,Champions,United Kingdom,0.0011228662426099056
16525.0,2,29,11895.57,Champions,United Kingdom,0.001436919984208036
16526.0,171,1,290.36,At Risk,United Kingdom,3.5073904538802714e-05
16527.0,81,1,228.06,At Risk,United Kingdom,2.7548404288191715e-05
16528.0,3,1,244.41,Potential Loyalists,United Kingdom,2.9523395124427506e-05
16529.0,190,1,455.25,At Risk,United Kingdom,5.499171732087731e-05
16531.0,22,7,1244.59,Champions,United Kingdom,0.00015033968470157206
16532.0,17,3,6748.8,Loyal Customers,United Kingdom,0.0008152182358157864
16533.0,19,5,1014.19,Loyal Customers,United Kingdom,0.00012250862117443287
16535.0,5,1,593.75,Loyal Customers,United Kingdom,7.172176201926611e-05
16536.0,107,2,538.17,Potential Loyalists,United Kingdom,6.500800112153e-05
16539.0,2,4,1388.81,Champions,United Kingdom,0.00016776067420627702
16542.0,53,1,119.62,At Risk,United Kingdom,1.4449443659359349e-05
16545.0,164,1,339.3,At Risk,United Kingdom,4.098558964738862e-05
16546.0,290,3,-95.93,At Risk,United Kingdom,-1.158782085138223e-05
16549.0,10,10,4034.9,Champions,United Kingdom,0.00048739391590995685
16550.0,108,9,2266.25,Loyal Customers,United Kingdom,0.0002737506411387989
16551.0,95,3,922.12,Potential Loyalists,United Kingdom,0.00011138706727276744
16552.0,242,2,379.73,At Risk,United Kingdom,4.586931316475945e-05
16553.0,163,14,5664.57,Loyal Customers,United Kingdom,0.0006842491646003777
16554.0,3,7,641.55,Champions,United Kingdom,7.749574134477503e-05
16555.0,35,2,285.89,Potential Loyalists,United Kingdom,3.4533952915685036e-05
16556.0,66,7,3313.79,Champions,United Kingdom,0.00040028776044096653
16557.0,24,2,281.85,Potential Loyalists,United Kingdom,3.404594294758763e-05
16558.0,0,24,8257.04,Champions,United Kingdom,0.0009974054027175768
16560.0,21,3,816.51,Loyal Customers,United Kingdom,9.862995521069638e-05
16561.0,5,2,511.12,Loyal Customers,United Kingdom,6.174050863711545e-05
16563.0,53,1,1077.74,Potential Loyalists,United Kingdom,0.0001301851146082423
16565.0,364,1,173.7,Lost Customers,United Kingdom,2.0982012737257304e-05
16566.0,15,6,614.01,Loyal Customers,United Kingdom,7.416905953254667e-05
16567.0,194,2,865.6,Potential Loyalists,United Kingdom,0.00010455975950126612
16569.0,3,1,124.2,Potential Loyalists,United Kingdom,1.5002682682598487e-05
16570.0,8,15,3622.95,Champions,United Kingdom,0.000437632602455074
16571.0,3,5,1285.22,Champions,United Kingdom,0.00015524756712825466
16572.0,127,4,999.7,Loyal Customers,United Kingdom,0.00012075830819479637
16573.0,73,4,648.41,Potential Loyalists,United Kingdom,7.832439193416815e-05
16574.0,71,1,451.44,Potential Loyalists,United Kingdom,5.4531490098488414e-05
16579.0,365,1,-30.599999999999998,Lost Customers,United Kingdom,-3.6963131246981778e-06
16581.0,155,2,70.44,At Risk,United Kingdom,8.508767859599335e-06
16582.0,113,1,313.62,At Risk,United Kingdom,3.788358569175956e-05
16583.0,373,1,233.45,At Risk,United Kingdom,2.819948689414345e-05
16584.0,80,3,908.03,Potential Loyalists,United Kingdom,0.00010968507211175447
16586.0,248,1,463.95,At Risk,United Kingdom,5.6042629875938553e-05
16587.0,232,1,225.15,Lost Customers,United Kingdom,2.7196892157705712e-05
16589.0,71,3,459.24,Potential Loyalists,United Kingdom,5.547368756164677e-05
16591.0,68,1,213.5,At Risk,United Kingdom,2.578963569029611e-05
16592.0,4,19,4073.28,Champions,United Kingdom,0.0004920300106068822
16593.0,50,3,330.03,Potential Loyalists,United Kingdom,3.9865824200788875e-05
16594.0,75,1,181.09,At Risk,United Kingdom,2.1874684436326572e-05
16595.0,61,1,360.16,Potential Loyalists,United Kingdom,4.350536388860444e-05
16596.0,15,2,250.15,Potential Loyalists,United Kingdom,3.0216755821674812e-05
16597.0,4,1,90.04,Potential Loyalists,United Kingdom,1.087634097215111e-05
16598.0,277,2,140.7,At Risk,United Kingdom,1.6995792700818092e-05
16600.0,4,6,813.52,Loyal Customers,United Kingdom,9.826877951648568e-05
16601.0,40,1,242.7,Potential Loyalists,United Kingdom,2.9316836449812017e-05
16602.0,31,2,494.72999999999996,Loyal Customers,United Kingdom,5.9760686019017306e-05
16603.0,74,2,482.47,Potential Loyalists,United Kingdom,5.827974487820687e-05
16607.0,17,16,3038.67,Champions,United Kingdom,0.0003670547647917194
16609.0,15,9,5450.96,Champions,United Kingdom,0.0006584462415099602
16610.0,219,1,75.66,Lost Customers,United Kingdom,9.139315392636083e-06
16611.0,186,2,120.99000000000001,At Risk,United Kingdom,1.4614932188144856e-05
16612.0,32,4,1187.66,Loyal Customers,United Kingdom,0.00014346285116598165
16613.0,70,1,618.59,Potential Loyalists,United Kingdom,7.472229855578581e-05
16614.0,182,1,506.19,At Risk,United Kingdom,6.114499152258074e-05
16616.0,15,2,500.42,Loyal Customers,United Kingdom,6.044800698893668e-05
16617.0,235,1,151.85,Lost Customers,United Kingdom,1.8342651894948313e-05
16618.0,31,6,2630.64,Champions,United Kingdom,0.0003177669659593469
16619.0,253,2,204.41,At Risk,United Kingdom,2.4691613262076945e-05
16620.0,3,2,178.96,Potential Loyalists,United Kingdom,2.1617392052156405e-05
16621.0,51,4,813.48,Loyal Customers,United Kingdom,9.826394773462333e-05
16623.0,245,1,129.45,Lost Customers,United Kingdom,1.5636854052031997e-05
16624.0,80,2,810.5699999999999,Potential Loyalists,United Kingdom,9.791243560413732e-05
16625.0,274,1,333.08,At Risk,United Kingdom,4.023424756779311e-05
16626.0,0,20,4379.65,Champions,United Kingdom,0.0005290378358360907
16627.0,79,1,322.8,At Risk,United Kingdom,3.899247962916902e-05
16628.0,29,6,2183.04,Champions,United Kingdom,0.00026369932691964413
16629.0,73,2,408.63,Potential Loyalists,United Kingdom,4.936027556030773e-05
16633.0,17,7,2878.15,Champions,United Kingdom,0.0003476648241781066
16634.0,222,2,217.9,At Risk,United Kingdom,2.6321131695154674e-05
16637.0,32,5,1124.59,Loyal Customers,United Kingdom,0.00013584433911452038
16638.0,22,11,1676.47,Champions,United Kingdom,0.00020250843346937108
16639.0,25,4,1169.38,Loyal Customers,United Kingdom,0.00014125472685488745
16641.0,105,1,231.10000000000002,At Risk,United Kingdom,2.791561970973036e-05
16642.0,4,3,679.83,Loyal Customers,United Kingdom,8.211975658704452e-05
16643.0,245,1,487.51,At Risk,United Kingdom,5.888854939286303e-05
16644.0,177,2,833.78,Potential Loyalists,United Kingdom,0.00010071607702976624
16647.0,169,2,214.06,At Risk,United Kingdom,2.585728063636902e-05
16648.0,38,2,270.85999999999996,Potential Loyalists,United Kingdom,3.271841088090681e-05
16650.0,71,1,518.42,Potential Loyalists,United Kingdom,6.262230882699442e-05
16652.0,53,11,6654.26,Champions,United Kingdom,0.0008037983193841209
16653.0,16,3,1166.92,Loyal Customers,United Kingdom,0.0001409575722703529
16654.0,141,5,594.97,Potential Loyalists,United Kingdom,7.186913136606782e-05
16655.0,17,6,3789.52,Champions,United Kingdom,0.00045775335007536733
16656.0,22,21,8568.24,Champions,United Kingdom,0.001034996665606664
16657.0,9,4,874.43,Loyal Customers,United Kingdom,0.00010562637534737999
16658.0,368,1,123.24,Lost Customers,United Kingdom,1.4886719917902073e-05
16659.0,189,1,39.12,Lost Customers,United Kingdom,4.725482661378847e-06
16660.0,16,5,810.4499999999999,Loyal Customers,United Kingdom,9.789794025855026e-05
16665.0,362,1,135.39999999999998,Lost Customers,United Kingdom,1.635558160405664e-05
16666.0,19,1,118.98,Potential Loyalists,United Kingdom,1.437213514956174e-05
16667.0,68,2,567.1800000000001,Potential Loyalists,United Kingdom,6.851225091719976e-05
16668.0,15,6,306.71999999999997,Loyal Customers,United Kingdom,3.705010332050409e-05
16669.0,23,4,1344.88,Loyal Customers,United Kingdom,0.00016245416977595051
16670.0,16,17,4022.46,Champions,United Kingdom,0.0004858912317507658
16671.0,28,3,1692.27,Loyal Customers,United Kingdom,0.00020441698730499954
16672.0,2,23,8093.59,Champions,United Kingdom,0.0009776615340825467
16674.0,54,2,304.24,Potential Loyalists,United Kingdom,3.6750532845038355e-05
16676.0,33,5,1558.72,Loyal Customers,United Kingdom,0.00018828487561207662
16678.0,2,17,3013.83,Champions,United Kingdom,0.0003640542282551997
16679.0,366,1,129.75,Lost Customers,United Kingdom,1.5673092415999628e-05
16680.0,43,1,183.7,At Risk,United Kingdom,2.2189958202844944e-05
16681.0,72,6,1770.34,Loyal Customers,United Kingdom,0.00021384741755484224
16682.0,4,5,1028.0,Champions,United Kingdom,0.0001241767938624094
16684.0,4,31,65892.08,Champions,United Kingdom,0.007959403925413801
16685.0,61,2,324.24,Potential Loyalists,United Kingdom,3.9166423776213635e-05
16686.0,47,9,2940.53,Champions,United Kingdom,0.0003551999879924423
16688.0,1,4,1260.86,Champions,United Kingdom,0.00015230501197408314
16689.0,75,3,303.26,Potential Loyalists,United Kingdom,3.663215418941077e-05
16690.0,43,3,208.63,Potential Loyalists,United Kingdom,2.520136624855493e-05
16692.0,256,2,1276.0,Potential Loyalists,United Kingdom,0.00015413384140898286
16693.0,68,2,477.86,Potential Loyalists,United Kingdom,5.772288201857096e-05
16696.0,135,4,657.9000000000001,Potential Loyalists,United Kingdom,7.947073218101084e-05
16697.0,241,1,112.75,Lost Customers,United Kingdom,1.361958512450064e-05
16698.0,226,2,1998.0,Potential Loyalists,United Kingdom,0.00024134750402441044
16700.0,8,17,5040.0,Champions,United Kingdom,0.0006088045146561706
16701.0,8,18,5150.2699999999995,Champions,United Kingdom,0.0006221245293052054
16705.0,0,29,13946.130000000001,Champions,United Kingdom,0.0016846164495995753
16706.0,37,3,531.35,Potential Loyalists,United Kingdom,6.418418231399925e-05
16708.0,45,1,656.63,Potential Loyalists,United Kingdom,7.93173231068812e-05
16709.0,84,5,3029.87,Loyal Customers,United Kingdom,0.00036599177278200226
16710.0,19,10,2467.99,Champions,United Kingdom,0.0002981197329615639
16711.0,3,5,1651.03,Champions,United Kingdom,0.00019943542020491611
16712.0,9,11,3611.31,Champions,United Kingdom,0.00043622655393312995
16713.0,18,21,6827.88,Champions,United Kingdom,0.0008247706685576535
16714.0,218,4,879.0600000000001,Potential Loyalists,United Kingdom,0.00010618565409794708
16715.0,78,1,301.71999999999997,At Risk,United Kingdom,3.6446130587710265e-05
16716.0,266,3,319.8000000000001,At Risk,United Kingdom,3.8630095989492736e-05
16717.0,9,9,3263.06,Champions,United Kingdom,0.00039415985309404044
16718.0,369,1,606.0500000000001,At Risk,United Kingdom,7.320753494193892e-05
16719.0,14,8,1753.72,Champions,United Kingdom,0.00021183981219103558
16720.0,26,1,152.95,Potential Loyalists,United Kingdom,1.847552589616295e-05
16721.0,262,1,292.47,At Risk,United Kingdom,3.5328781032041706e-05
16722.0,17,16,4711.21,Champions,United Kingdom,0.0005690884756931145
16723.0,91,2,576.4,Potential Loyalists,United Kingdom,6.962597663647156e-05
16725.0,302,8,752.32,Potential Loyalists,United Kingdom,9.087615326708933e-05
16726.0,26,5,1358.74,Loyal Customers,United Kingdom,0.00016412838219125497
16727.0,364,1,256.32,At Risk,United Kingdom,3.096205817394239e-05
16728.0,46,4,1048.28,Loyal Customers,United Kingdom,0.0001266265072666211
16729.0,36,26,7041.69,Champions,United Kingdom,0.0008505977505573828
16730.0,52,4,702.79,Loyal Customers,United Kingdom,8.489319937603374e-05
16732.0,31,1,603.75,Potential Loyalists,United Kingdom,7.292970748485376e-05
16734.0,52,3,646.76,Potential Loyalists,United Kingdom,7.81250809323462e-05
16735.0,78,7,2216.06,Loyal Customers,United Kingdom,0.00026768796284701453
16737.0,53,1,417.59999999999997,Potential Loyalists,United Kingdom,5.0443802642939835e-05
16738.0,297,1,3.75,Lost Customers,United Kingdom,4.52979549595365e-07
16739.0,172,2,312.55,Potential Loyalists,United Kingdom,3.7754335526941684e-05
16742.0,46,2,0.0,Potential Loyalists,United Kingdom,0.0
16743.0,29,8,2166.88,Champions,United Kingdom,0.0002617472870472545
16744.0,11,7,1291.91,Champions,United Kingdom,0.00015605568264473278
16745.0,86,18,7157.1,Loyal Customers,United Kingdom,0.0008645386491757298
16746.0,4,19,6676.76,Champions,United Kingdom,0.000806516196681693
16747.0,25,4,826.96,Loyal Customers,United Kingdom,9.989225822223548e-05
16748.0,17,5,1515.9,Loyal Customers,United Kingdom,0.00018311245312843034
16750.0,44,5,623.93,Loyal Customers,United Kingdom,7.53673414344096e-05
16751.0,30,1,1764.72,Loyal Customers,United Kingdom,0.000213168552203182
16752.0,372,1,207.5,Lost Customers,United Kingdom,2.5064868410943527e-05
16753.0,58,1,223.92000000000002,At Risk,United Kingdom,2.7048314865438436e-05
16754.0,372,1,2002.4,Potential Loyalists,United Kingdom,0.00024187900002926903
16755.0,114,5,1463.23,Loyal Customers,United Kingdom,0.00017675020436118023
16756.0,214,1,239.4,At Risk,United Kingdom,2.89182144461681e-05
16757.0,318,1,106.83000000000001,Lost Customers,United Kingdom,1.290448140887276e-05
16758.0,65,1,369.34000000000003,Potential Loyalists,United Kingdom,4.46142578260139e-05
16759.0,7,4,772.84,Loyal Customers,United Kingdom,9.335485736247516e-05
16761.0,96,1,316.62,At Risk,United Kingdom,3.8245969331435855e-05
16762.0,19,3,1207.24,Loyal Customers,United Kingdom,0.00014582800838760225
16763.0,185,2,594.9,Potential Loyalists,United Kingdom,7.18606757478087e-05
16764.0,3,18,2749.9500000000003,Champions,United Kingdom,0.0003321789633092731
16765.0,294,1,34.0,Lost Customers,United Kingdom,4.1070145829979755e-06
16766.0,273,2,1145.6,Potential Loyalists,United Kingdom,0.00013838223253772003
16767.0,30,11,5575.56,Champions,United Kingdom,0.0006734972420111822
16768.0,47,5,458.04,Potential Loyalists,United Kingdom,5.532873410577626e-05
16769.0,260,1,361.54,At Risk,United Kingdom,4.3672060362855534e-05
16770.0,57,6,731.9,Loyal Customers,United Kingdom,8.840952862635936e-05
16771.0,33,5,2242.61,Loyal Customers,United Kingdom,0.0002708950580581497
16773.0,57,1,171.59,At Risk,United Kingdom,2.0727136244018312e-05
16774.0,67,5,654.92,Loyal Customers,United Kingdom,7.91107644322657e-05
16775.0,10,11,1691.51,Champions,United Kingdom,0.00020432518344961487
16776.0,60,1,371.54,Potential Loyalists,United Kingdom,4.4880005828443174e-05
16777.0,80,2,222.62,At Risk,United Kingdom,2.689128195491204e-05
16778.0,74,2,245.94,Potential Loyalists,United Kingdom,2.9708210780662415e-05
16779.0,2,28,10436.05,Champions,United Kingdom,0.0012606179276145888
16780.0,100,2,422.24,Potential Loyalists,United Kingdom,5.100428933897251e-05
16781.0,365,2,294.65,At Risk,United Kingdom,3.5592113143539806e-05
16782.0,10,19,2230.3,Champions,United Kingdom,0.00026940807719001133
16784.0,19,1,107.6,Potential Loyalists,United Kingdom,1.2997493209723004e-05
16788.0,123,2,594.39,Potential Loyalists,United Kingdom,7.179907052906373e-05
16789.0,8,1,80.8,Potential Loyalists,United Kingdom,9.76019936194813e-06
16790.0,3,8,1520.1200000000001,Champions,United Kingdom,0.00018362220611490833
16791.0,29,8,1690.28,Champions,United Kingdom,0.0002041766061573476
16792.0,282,2,110.38000000000001,At Risk,United Kingdom,1.333330204915637e-05
16793.0,57,1,243.84,Potential Loyalists,United Kingdom,2.945454223288901e-05
16794.0,1,12,1175.3,Champions,United Kingdom,0.00014196983057051531
16795.0,365,1,414.88,At Risk,United Kingdom,5.0115241476300006e-05
16796.0,89,1,305.62,At Risk,United Kingdom,3.691722931928945e-05
16800.0,11,1,1162.65,Loyal Customers,United Kingdom,0.00014044177955654697
16801.0,163,5,842.33,Potential Loyalists,United Kingdom,0.00010174887040284367
16803.0,65,1,332.3,Potential Loyalists,United Kingdom,4.014002782147728e-05
16804.0,23,3,536.99,Loyal Customers,United Kingdom,6.486546355659068e-05
16805.0,173,2,460.59,Potential Loyalists,United Kingdom,5.56367601995011e-05
16806.0,103,4,762.16,Potential Loyalists,United Kingdom,9.206477160522755e-05
16807.0,142,3,1121.59,Potential Loyalists,United Kingdom,0.0001354819554748441
16808.0,99,2,288.42,Potential Loyalists,United Kingdom,3.483956311847871e-05
16809.0,23,6,912.74,Loyal Customers,United Kingdom,0.00011025401442604625
16810.0,192,2,275.64,At Risk,United Kingdom,3.32958088134577e-05
16811.0,4,2,547.07,Loyal Customers,United Kingdom,6.608307258590302e-05
16812.0,360,1,479.35,At Risk,United Kingdom,5.7902865892943524e-05
16813.0,8,10,1652.18,Champions,United Kingdom,0.0001995743339334587
16814.0,14,22,6408.2,Champions,United Kingdom,0.0007740756132578714
16816.0,103,4,417.06,Potential Loyalists,United Kingdom,5.037857358779811e-05
16817.0,2,13,1446.95,Champions,United Kingdom,0.00017478366914320357
16818.0,10,13,3317.97,Champions,United Kingdom,0.0004007926816455821
16820.0,95,1,497.61,Potential Loyalists,United Kingdom,6.0108574313106554e-05
16823.0,227,1,358.38,At Risk,United Kingdom,4.329034959572984e-05
16824.0,15,2,460.64,Potential Loyalists,United Kingdom,5.564279992682904e-05
16825.0,38,2,775.1800000000001,Potential Loyalists,United Kingdom,9.363751660142268e-05
16826.0,51,1,341.7,Potential Loyalists,United Kingdom,4.127549655912965e-05
16828.0,93,2,128.5,At Risk,United Kingdom,1.5522099232801173e-05
16829.0,156,1,197.22,At Risk,United Kingdom,2.3823100472319435e-05
16830.0,38,1,325.91,Potential Loyalists,United Kingdom,3.936815066896678e-05
16832.0,184,3,199.15,At Risk,United Kingdom,2.4056233947177848e-05
16833.0,1,4,1106.53,Champions,United Kingdom,0.00013366278960366912
16834.0,227,1,413.46,At Risk,United Kingdom,4.994371322018656e-05
16835.0,128,2,180.85,At Risk,United Kingdom,2.1845693745152465e-05
16836.0,39,2,251.87,Potential Loyalists,United Kingdom,3.0424522441755888e-05
16837.0,31,12,3167.73,Champions,United Kingdom,0.00038264450897059345
16838.0,197,3,582.9,Potential Loyalists,United Kingdom,7.041114118910353e-05
16839.0,8,39,15357.78,Champions,United Kingdom,0.0018551360712492544
16841.0,36,7,1774.62,Loyal Customers,United Kingdom,0.00021436441821411374
16842.0,64,4,1260.44,Loyal Customers,United Kingdom,0.0001522542782645285
16843.0,42,17,10183.82,Champions,United Kingdom,0.0012301499191360718
16846.0,50,1,214.32,At Risk,United Kingdom,2.5888687218474296e-05
16847.0,43,1,193.44,At Risk,United Kingdom,2.3366497086327307e-05
16848.0,52,1,281.42,Potential Loyalists,United Kingdom,3.3994001292567365e-05
16849.0,186,1,124.57,Lost Customers,United Kingdom,1.5047376664825229e-05
16850.0,333,1,332.41,At Risk,United Kingdom,4.015331522159874e-05
16851.0,4,3,342.45,Loyal Customers,United Kingdom,4.1366092469048725e-05
16852.0,10,2,144.91000000000003,Potential Loyalists,United Kingdom,1.7504337741830492e-05
16855.0,23,2,328.4,Potential Loyalists,United Kingdom,3.966892908989809e-05
16856.0,14,1,35.400000000000006,Potential Loyalists,United Kingdom,4.276126948180246e-06
16858.0,366,2,345.89000000000004,At Risk,United Kingdom,4.178162570921088e-05
16859.0,106,5,473.14,Potential Loyalists,United Kingdom,5.715273175881359e-05
16861.0,59,3,151.65,Potential Loyalists,United Kingdom,1.831849298563656e-05
16863.0,29,4,481.35,Loyal Customers,United Kingdom,5.814445498606105e-05
16866.0,140,3,207.73999999999998,At Risk,United Kingdom,2.509385910211763e-05
16869.0,22,5,797.3199999999999,Loyal Customers,United Kingdom,9.631190786223369e-05
16871.0,22,7,2761.4900000000002,Champions,United Kingdom,0.0003335729323765612
16872.0,77,3,680.02,Potential Loyalists,United Kingdom,8.214270755089068e-05
16873.0,4,10,7066.31,Champions,United Kingdom,0.0008535717122936596
16875.0,64,9,2023.47,Champions,United Kingdom,0.00024442414112526217
16877.0,12,6,846.62,Loyal Customers,United Kingdom,0.00010226707900758077
16878.0,24,2,0.0,Potential Loyalists,United Kingdom,0.0
16880.0,30,7,1491.43,Champions,United Kingdom,0.0001801566105741374
16881.0,66,1,432.0,Potential Loyalists,United Kingdom,5.2183244113386045e-05
16882.0,66,3,705.12,Potential Loyalists,United Kingdom,8.517465066951567e-05
16883.0,187,2,272.48,At Risk,United Kingdom,3.2914098046332016e-05
16884.0,37,2,429.84000000000003,Potential Loyalists,United Kingdom,5.192232789281912e-05
16885.0,15,3,450.41,Potential Loyalists,United Kingdom,5.440707171553289e-05
16887.0,35,1,192.32999999999998,At Risk,United Kingdom,2.3232415139647075e-05
16889.0,194,3,1578.67,Potential Loyalists,United Kingdom,0.00019069472681592395
16891.0,1,5,742.43,Loyal Customers,United Kingdom,8.968149520162314e-05
16892.0,1,7,489.49,Champions,United Kingdom,5.912772259504939e-05
16893.0,366,1,145.93,Lost Customers,United Kingdom,1.762754817932043e-05
16895.0,64,1,202.27,At Risk,United Kingdom,2.4433112932441195e-05
16897.0,299,3,213.03,At Risk,United Kingdom,2.5732862253413493e-05
16898.0,26,4,436.68,Loyal Customers,United Kingdom,5.274856259128106e-05
16899.0,7,6,1271.06,Champions,United Kingdom,0.00015353711634898256
16900.0,11,5,187.6900000000001,Loyal Customers,United Kingdom,2.2671928443614426e-05
16902.0,116,1,1706.88,Potential Loyalists,United Kingdom,0.00020618179563022308
16903.0,29,1,363.2,Potential Loyalists,United Kingdom,4.387257931014308e-05
16904.0,4,16,3653.75,Champions,United Kingdom,0.0004413530744890839
16905.0,5,8,3020.65,Champions,United Kingdom,0.00036487804706273046
16906.0,81,4,559.59,Potential Loyalists,United Kingdom,6.759542030881875e-05
16907.0,29,5,928.76,Loyal Customers,United Kingdom,0.00011218914306191764
16909.0,64,2,364.14,Potential Loyalists,United Kingdom,4.3986126183908315e-05
16910.0,4,8,1508.96,Champions,United Kingdom,0.00018227413897531252
16912.0,23,14,2508.87,Champions,United Kingdom,0.0003030578140248862
16913.0,290,1,113.44,Lost Customers,United Kingdom,1.3702933361626186e-05
16914.0,36,1,183.76,At Risk,United Kingdom,2.2197205875638468e-05
16915.0,9,6,621.6800000000001,Loyal Customers,United Kingdom,7.50955537046524e-05
16916.0,23,2,562.41,Loyal Customers,United Kingdom,6.793606093011445e-05
16917.0,276,1,391.52,At Risk,United Kingdom,4.729348086868727e-05
16918.0,49,7,1043.34,Loyal Customers,United Kingdom,0.00012602978220662081
16919.0,156,11,2592.25,Loyal Customers,United Kingdom,0.00031312966331695593
16921.0,61,1,154.18,At Risk,United Kingdom,1.8624103188430233e-05
16923.0,12,26,6488.3,Champions,United Kingdom,0.0007837512564372284
16924.0,21,4,722.64,Loyal Customers,United Kingdom,8.729097112522521e-05
16926.0,371,1,230.25,Lost Customers,United Kingdom,2.781294434515541e-05
16927.0,115,3,543.05,Potential Loyalists,United Kingdom,6.559747850873677e-05
16928.0,80,19,2748.6,Loyal Customers,United Kingdom,0.0003320158906714187
16929.0,3,7,1295.39,Champions,United Kingdom,0.0001564760476667573
16930.0,26,3,378.89,Potential Loyalists,United Kingdom,4.5767845745650085e-05
16931.0,5,21,4554.87,Champions,United Kingdom,0.0005502034562841173
16932.0,53,1,150.23000000000002,At Risk,United Kingdom,1.8146964729523117e-05
16933.0,1,5,530.08,Loyal Customers,United Kingdom,6.403077323986962e-05
16934.0,54,2,931.03,Loyal Customers,United Kingdom,0.00011246334668260603
16936.0,25,1,261.9,Potential Loyalists,United Kingdom,3.1636091743740284e-05
16938.0,8,5,1878.43,Champions,United Kingdom,0.00022690410009237904
16940.0,52,3,3049.88,Loyal Customers,United Kingdom,0.00036840887165864313
16942.0,12,10,1878.51,Champions,United Kingdom,0.00022691376365610374
16943.0,211,3,816.73,Potential Loyalists,United Kingdom,9.865653001093931e-05
16945.0,21,19,4345.5,Champions,United Kingdom,0.0005249127020711089
16947.0,235,1,406.48,At Risk,United Kingdom,4.910056728520639e-05
16948.0,138,3,435.02,Potential Loyalists,United Kingdom,5.254804364399351e-05
16949.0,3,7,1161.27,Champions,United Kingdom,0.00014027508308229585
16950.0,56,3,1178.56,Loyal Customers,United Kingdom,0.0001423636207922969
16951.0,123,4,1262.75,Loyal Customers,United Kingdom,0.00015253331366707923
16952.0,109,2,167.61,At Risk,United Kingdom,2.0246373948714434e-05
16953.0,30,1,20.8,Potential Loyalists,United Kingdom,2.512526568422291e-06
16954.0,0,9,2085.08,Champions,United Kingdom,0.0002518662931387476
16955.0,184,5,493.67,Potential Loyalists,United Kingdom,5.963264379966502e-05
16956.0,9,2,292.34,Loyal Customers,United Kingdom,3.531307774098906e-05
16957.0,239,2,416.64,At Risk,United Kingdom,5.0327839878243424e-05
16959.0,87,1,117.35000000000001,At Risk,United Kingdom,1.4175240038670956e-05
16960.0,38,3,507.05,Potential Loyalists,United Kingdom,6.124887483262128e-05
16961.0,116,1,234.17,At Risk,United Kingdom,2.8286458967665763e-05
16963.0,187,1,110.55000000000001,Lost Customers,United Kingdom,1.335383712207136e-05
16965.0,226,1,201.19,Lost Customers,United Kingdom,2.4302654822157725e-05
16966.0,8,10,2148.47,Champions,United Kingdom,0.00025952345944510767
16967.0,189,1,319.02,At Risk,United Kingdom,3.8535876243176883e-05
16968.0,4,2,439.43,Loyal Customers,United Kingdom,5.308074759431766e-05
16969.0,39,3,650.41,Potential Loyalists,United Kingdom,7.856598102728568e-05
16971.0,2,2,232.20999999999998,Potential Loyalists,United Kingdom,2.8049701656410584e-05
16976.0,267,1,251.51999999999998,At Risk,United Kingdom,3.0382244350460318e-05
16978.0,77,1,344.33,At Risk,United Kingdom,4.1593186216579205e-05
16979.0,3,8,1809.05,Champions,United Kingdom,0.000218523374452132
16980.0,255,2,1028.46,Potential Loyalists,United Kingdom,0.00012423235935382643
16982.0,60,1,384.06,Potential Loyalists,United Kingdom,4.63923535513589e-05
16983.0,12,8,1894.82,Champions,United Kingdom,0.00022888392271047718
16984.0,78,5,4370.59,Loyal Customers,United Kingdom,0.0005279434372442684
16985.0,17,11,5461.62,Champions,United Kingdom,0.0006597339113762766
16986.0,29,2,1873.2,Loyal Customers,United Kingdom,0.0002262723446138767
16987.0,3,7,1616.8,Champions,United Kingdom,0.00019530062287620963
16988.0,5,1,126.12,Potential Loyalists,United Kingdom,1.5234608211991315e-05
16989.0,7,6,1133.25,Champions,United Kingdom,0.0001368904198877193
16990.0,218,1,179.0,Lost Customers,United Kingdom,2.1622223834018754e-05
16992.0,10,6,1601.8600000000001,Champions,United Kingdom,0.0001934959523506217
16995.0,372,1,-1.25,Lost Customers,United Kingdom,-1.5099318319845499e-07
16996.0,30,9,1427.46,Champions,United Kingdom,0.00017242938343077326
16997.0,288,3,702.0,Potential Loyalists,United Kingdom,8.479777168425231e-05
16998.0,149,6,287.02000000000004,Potential Loyalists,United Kingdom,3.467045075329644e-05
16999.0,23,2,484.82,Loyal Customers,United Kingdom,5.8563612062619956e-05
17001.0,0,11,3989.57,Champions,United Kingdom,0.00048191829911444807
17002.0,73,4,1487.78,Loyal Customers,United Kingdom,0.00017971571047919788
17004.0,46,2,1312.1399999999999,Loyal Customers,United Kingdom,0.00015849935632161657
17006.0,4,4,781.78,Loyal Customers,United Kingdom,9.44347606087105e-05
17007.0,50,7,877.4300000000001,Loyal Customers,United Kingdom,0.0001059887589870563
17010.0,16,2,185.46,Potential Loyalists,United Kingdom,2.240255660478837e-05
17011.0,30,1,270.9,Potential Loyalists,United Kingdom,3.272324266276916e-05
17014.0,8,4,562.6800000000001,Loyal Customers,United Kingdom,6.796867545768533e-05
17015.0,28,3,1838.6100000000001,Loyal Customers,United Kingdom,0.0002220940612484091
17017.0,2,27,8574.11,Champions,United Kingdom,0.001035705729594964
17018.0,40,2,920.1,Loyal Customers,United Kingdom,0.00011114306228871876
17019.0,11,4,1258.08,Champions,United Kingdom,0.0001519692031346498
17022.0,31,1,71.0,Potential Loyalists,United Kingdom,8.576412805672243e-06
17024.0,45,3,95.85,Potential Loyalists,United Kingdom,1.1578157287657528e-05
17025.0,60,3,357.77,Potential Loyalists,United Kingdom,4.321666492232899e-05
17026.0,185,2,154.82999999999998,At Risk,United Kingdom,1.8702619643693427e-05
17027.0,78,7,835.86,Loyal Customers,United Kingdom,0.00010096732968660847
17029.0,110,2,716.0,Potential Loyalists,United Kingdom,8.648889533607502e-05
17030.0,63,1,146.87,At Risk,United Kingdom,1.7741095053085667e-05
17031.0,11,2,380.35,Loyal Customers,United Kingdom,4.5944205783625884e-05
17033.0,86,3,1030.14,Potential Loyalists,United Kingdom,0.00012443529419204515
17034.0,16,4,734.5699999999999,Loyal Customers,United Kingdom,8.873205006567126e-05
17035.0,245,3,388.33,At Risk,United Kingdom,4.690814626516482e-05
17037.0,78,2,1253.22,Potential Loyalists,United Kingdom,0.00015138214163837421
17038.0,30,1,112.4,Potential Loyalists,United Kingdom,1.3577307033205073e-05
17040.0,137,1,449.73,At Risk,United Kingdom,5.432493142387293e-05
17041.0,26,4,1055.69,Loyal Customers,United Kingdom,0.00012752159485662155
17042.0,2,5,1036.58,Champions,United Kingdom,0.00012521321107188357
17043.0,32,4,1735.18,Loyal Customers,United Kingdom,0.0002096002812978361
17044.0,8,3,897.4300000000001,Loyal Customers,United Kingdom,0.00010840464991823158
17045.0,113,3,339.44,Potential Loyalists,United Kingdom,4.1002500883906845e-05
17046.0,157,1,642.02,Potential Loyalists,United Kingdom,7.755251478165766e-05
17047.0,85,3,1100.9,Potential Loyalists,United Kingdom,0.0001329827163065433
17048.0,115,6,864.32,Potential Loyalists,United Kingdom,0.0001044051424816709
17049.0,2,11,5589.83,Champions,United Kingdom,0.0006752209801905757
17050.0,96,6,3185.64,Loyal Customers,United Kingdom,0.0003848079392994609
17051.0,194,1,240.89000000000001,At Risk,United Kingdom,2.909819832054066e-05
17052.0,28,1,399.09,Potential Loyalists,United Kingdom,4.820789558613712e-05
17053.0,128,2,496.38,Potential Loyalists,United Kingdom,5.995999702083927e-05
17054.0,28,6,1353.83,Loyal Customers,United Kingdom,0.00016353528096765143
17058.0,81,3,1179.89,Potential Loyalists,United Kingdom,0.00014252427753922006
17059.0,29,5,3080.39,Champions,United Kingdom,0.000372094313274151
17060.0,266,1,234.24,At Risk,United Kingdom,2.8294914585924878e-05
17061.0,73,12,5116.13,Loyal Customers,United Kingdom,0.0006180006034856892
17062.0,313,5,529.4300000000001,Potential Loyalists,United Kingdom,6.395225678460642e-05
17063.0,8,11,1421.59,Champions,United Kingdom,0.00017172031944247328
17064.0,58,3,855.45,Potential Loyalists,United Kingdom,0.00010333369485369466
17065.0,143,1,-112.35,At Risk,United Kingdom,-1.3571267305877134e-05
17068.0,12,22,4531.34,Champions,United Kingdom,0.0005473611606035897
17069.0,28,13,2655.2200000000003,Champions,United Kingdom,0.0003207360959137614
17070.0,114,1,304.24,At Risk,United Kingdom,3.6750532845038355e-05
17071.0,8,14,2385.48,Champions,United Kingdom,0.00028815297492500034
17073.0,17,4,1446.09,Loyal Customers,United Kingdom,0.000174679785833163
17075.0,17,5,813.77,Loyal Customers,United Kingdom,9.829897815312536e-05
17076.0,36,3,841.0799999999999,Potential Loyalists,United Kingdom,0.00010159787721964521
17078.0,36,2,378.2,Potential Loyalists,United Kingdom,4.568449750852454e-05
17079.0,78,1,118.80000000000001,At Risk,United Kingdom,1.4350392131181164e-05
17080.0,22,3,285.5,Potential Loyalists,United Kingdom,3.448684304252712e-05
17081.0,25,2,288.91,Potential Loyalists,United Kingdom,3.4898752446292506e-05
17082.0,33,2,2003.85,Loyal Customers,United Kingdom,0.00024205415212177921
17083.0,109,3,1405.78,Potential Loyalists,United Kingdom,0.00016981055766137924
17084.0,35,2,2747.9900000000002,Loyal Customers,United Kingdom,0.0003319422059980179
17085.0,123,6,1550.8,Loyal Customers,United Kingdom,0.00018732818280333118
17086.0,7,6,2050.08,Champions,United Kingdom,0.00024763848400919086
17088.0,28,4,1991.01,Loyal Customers,United Kingdom,0.00024050315014396468
17090.0,4,8,1972.55,Champions,United Kingdom,0.0002382732828144899
17091.0,2,10,3802.81,Champions,United Kingdom,0.0004593587095991333
17092.0,50,4,1774.03,Loyal Customers,United Kingdom,0.00021429314943164406
17094.0,318,2,270.20000000000005,At Risk,United Kingdom,3.2638686480178036e-05
17095.0,22,6,1088.2,Loyal Customers,United Kingdom,0.00013144862556524698
17096.0,9,7,992.6800000000001,Champions,United Kingdom,0.00011991033047795385
17097.0,2,9,937.92,Champions,Spain,0.00011329562110839592
17100.0,18,2,971.74,Loyal Customers,United Kingdom,0.00011738089267301333
17101.0,10,4,1621.73,Champions,United Kingdom,0.00019589613999074432
17102.0,261,1,25.5,Lost Customers,United Kingdom,3.080260937248482e-06
17105.0,159,2,665.78,Potential Loyalists,United Kingdom,8.042259320789388e-05
17107.0,32,7,10362.48,Champions,United Kingdom,0.0012517310728242606
17109.0,29,8,865.9300000000001,Loyal Customers,United Kingdom,0.0001045996217016305
17110.0,165,1,163.29999999999998,At Risk,United Kingdom,1.9725749453046157e-05
17111.0,47,1,231.61,At Risk,United Kingdom,2.797722492847533e-05
17114.0,5,10,739.72,Champions,United Kingdom,8.935414198044891e-05
17115.0,8,5,806.9000000000001,Loyal Customers,United Kingdom,9.746911961826668e-05
17117.0,288,1,116.19999999999999,Lost Customers,United Kingdom,1.4036326310128373e-05
17118.0,317,1,157.02,Lost Customers,United Kingdom,1.8967159700657124e-05
17119.0,3,3,593.61,Loyal Customers,United Kingdom,7.17048507827479e-05
17120.0,233,1,307.46,At Risk,United Kingdom,3.713949128495757e-05
17122.0,119,1,138.32,At Risk,United Kingdom,1.6708301680008235e-05
17123.0,161,1,345.29999999999995,At Risk,United Kingdom,4.17103569267412e-05
17124.0,185,1,294.24,At Risk,United Kingdom,3.5542587379450715e-05
17125.0,50,1,230.5,At Risk,United Kingdom,2.78431429817951e-05
17126.0,152,7,976.55,Loyal Customers,United Kingdom,0.00011796191444196097
17128.0,334,1,157.09,Lost Customers,United Kingdom,1.8975615318916235e-05
17131.0,5,5,2463.17,Champions,United Kingdom,0.0002975375032471507
17133.0,15,7,4892.240000000001,Champions,United Kingdom,0.0005909559124566477
17134.0,106,2,413.2,Potential Loyalists,United Kingdom,4.991230663808128e-05
17135.0,16,7,1139.73,Champions,United Kingdom,0.00013767316854942008
17138.0,275,1,380.5,At Risk,United Kingdom,4.59623249656097e-05
17139.0,15,15,10567.87,Champions,United Kingdom,0.0012765410647419652
17140.0,247,1,454.12,At Risk,United Kingdom,5.48552194832659e-05
17142.0,239,1,579.0,At Risk,United Kingdom,6.994004245752435e-05
17144.0,1,2,984.57,Loyal Customers,United Kingdom,0.00011893068670536227
17146.0,105,3,749.78,Potential Loyalists,United Kingdom,9.056933511883006e-05
17147.0,22,6,1679.64,Loyal Customers,United Kingdom,0.00020289135218196235
17148.0,51,1,124.88,At Risk,United Kingdom,1.5084822974258446e-05
17152.0,194,4,1503.5,Potential Loyalists,United Kingdom,0.00018161460075110167
17153.0,24,1,213.78,Potential Loyalists,United Kingdom,2.5823458163332566e-05
17154.0,75,1,329.34,At Risk,United Kingdom,3.978247596366333e-05
17155.0,17,2,251.70000000000002,Potential Loyalists,United Kingdom,3.0403987368840897e-05
17157.0,7,3,306.55,Loyal Customers,United Kingdom,3.70295682475891e-05
17158.0,32,3,1266.97,Loyal Customers,United Kingdom,0.00015304306665355722
17159.0,21,4,1534.73,Loyal Customers,United Kingdom,0.00018538701444013186
17160.0,31,6,3518.03,Champions,United Kingdom,0.0004249588386301285
17162.0,28,11,1707.21,Champions,United Kingdom,0.00020622165783058748
17163.0,21,2,293.1,Potential Loyalists,United Kingdom,3.5404881596373725e-05
17164.0,32,8,2466.4,Champions,United Kingdom,0.00029792766963253553
17165.0,284,1,158.68,Lost Customers,United Kingdom,1.916767864794467e-05
17166.0,38,3,189.49,Potential Loyalists,United Kingdom,2.288935862742019e-05
17169.0,50,4,816.88,Loyal Customers,United Kingdom,9.867464919292313e-05
17171.0,289,1,224.91,Lost Customers,United Kingdom,2.716790146653161e-05
17172.0,74,2,313.26,Potential Loyalists,United Kingdom,3.784009965499841e-05
17173.0,5,9,3755.65,Champions,United Kingdom,0.00045366203878342197
17174.0,217,1,59.9,Lost Customers,United Kingdom,7.235593338869963e-06
17175.0,44,5,1430.94,Loyal Customers,United Kingdom,0.00017284974845279774
17176.0,201,1,306.13,At Risk,United Kingdom,3.697883453803442e-05
17179.0,178,3,711.79,Potential Loyalists,United Kingdom,8.598035029506261e-05
17180.0,56,6,768.32,Loyal Customers,United Kingdom,9.280886601202955e-05
17181.0,57,2,239.92000000000002,Potential Loyalists,United Kingdom,2.8981027610378657e-05
17183.0,7,8,3286.9100000000003,Champions,United Kingdom,0.00039704080302946696
17186.0,46,2,144.0,Potential Loyalists,United Kingdom,1.7394414704462014e-05
17187.0,226,1,203.95,Lost Customers,United Kingdom,2.4636047770659914e-05
17188.0,11,9,2275.58,Champions,United Kingdom,0.00027487765425819214
17189.0,106,2,383.75,Potential Loyalists,United Kingdom,4.635490724192568e-05
17190.0,58,3,249.74,Potential Loyalists,United Kingdom,3.016723005758572e-05
17191.0,28,7,2093.68,Champions,United Kingdom,0.00025290512623915297
17193.0,35,9,1674.46,Loyal Customers,United Kingdom,0.00020226563643078796
17194.0,273,2,262.62,At Risk,United Kingdom,3.17230638172626e-05
17197.0,29,1,1013.01,Loyal Customers,United Kingdom,0.00012236608360949352
17198.0,23,3,692.22,Loyal Customers,United Kingdom,8.361640101890761e-05
17201.0,53,1,289.78,Potential Loyalists,United Kingdom,3.500384370179863e-05
17203.0,35,6,3560.08,Loyal Customers,United Kingdom,0.0004300382493129245
17204.0,169,9,1352.91,Loyal Customers,United Kingdom,0.0001634241499848174
17205.0,53,1,384.08,Potential Loyalists,United Kingdom,4.639476944229007e-05
17206.0,53,1,204.24,At Risk,United Kingdom,2.4671078189161957e-05
17211.0,26,9,2299.67,Champions,United Kingdom,0.0002777875948847928
17212.0,253,1,226.85,Lost Customers,United Kingdom,2.740224288685561e-05
17213.0,40,11,2741.08,Champions,United Kingdom,0.0003311075156812968
17214.0,60,7,974.12,Loyal Customers,United Kingdom,0.00011766838369382317
17217.0,234,1,113.5,Lost Customers,United Kingdom,1.3710181034419713e-05
17218.0,4,10,1951.97,Champions,United Kingdom,0.00023578733104631056
17219.0,31,1,114.23,Potential Loyalists,United Kingdom,1.3798361053407611e-05
17220.0,24,14,3187.55,Champions,United Kingdom,0.00038503865688338816
17221.0,7,2,334.48,Loyal Customers,United Kingdom,4.040335993297538e-05
17222.0,65,1,328.65,Potential Loyalists,United Kingdom,3.969912772653778e-05
17223.0,310,2,416.89,At Risk,United Kingdom,5.035803851488312e-05
17226.0,308,1,393.49,At Risk,United Kingdom,4.753144612540804e-05
17227.0,18,6,939.32,Loyal Customers,United Kingdom,0.0001134647334735782
17228.0,15,8,1906.09,Champions,United Kingdom,0.00023024527725019444
17229.0,96,2,318.76,Potential Loyalists,United Kingdom,3.8504469661071606e-05
17230.0,264,11,3466.67,Loyal Customers,United Kingdom,0.00041875483071887034
17231.0,12,14,3078.22,Champions,United Kingdom,0.0003718321891081185
17232.0,2,2,417.77,Loyal Customers,United Kingdom,5.046433771585483e-05
17233.0,35,1,190.88,At Risk,United Kingdom,2.305726304713687e-05
17234.0,182,1,149.89000000000001,Lost Customers,United Kingdom,1.8105894583693137e-05
17235.0,25,2,550.06,Loyal Customers,United Kingdom,6.644424828011372e-05
17236.0,12,6,916.13,Loyal Customers,United Kingdom,0.00011066350793888046
17237.0,11,2,314.69,Loyal Customers,United Kingdom,3.801283585657744e-05
17238.0,2,17,3719.1,Champions,United Kingdom,0.00044924699810669917
17239.0,312,2,379.95,At Risk,United Kingdom,4.589588796500238e-05
17242.0,108,2,1135.04,Potential Loyalists,United Kingdom,0.00013710664212605948
17243.0,1,30,8491.75,Champions,United Kingdom,0.0010257570907403841
17244.0,53,1,954.9,Potential Loyalists,United Kingdom,0.00011534671250896373
17245.0,204,1,171.45,Lost Customers,United Kingdom,2.0710225007500086e-05
17247.0,15,1,280.09000000000003,Potential Loyalists,United Kingdom,3.383334454564421e-05
17248.0,120,1,318.65,At Risk,United Kingdom,3.849118226095014e-05
17250.0,3,2,381.97,Loyal Customers,United Kingdom,4.6139892949051086e-05
17251.0,362,1,269.83,At Risk,United Kingdom,3.259399249795129e-05
17252.0,116,2,348.91,Potential Loyalists,United Kingdom,4.2146425239818346e-05
17253.0,18,1,178.26,Potential Loyalists,United Kingdom,2.1532835869565268e-05
17254.0,4,2,271.19,Loyal Customers,United Kingdom,3.2758273081271206e-05
17255.0,40,2,291.48,Potential Loyalists,United Kingdom,3.520919443094853e-05
17256.0,107,2,240.0,Potential Loyalists,United Kingdom,2.899069117410336e-05
17259.0,148,2,581.23,Potential Loyalists,United Kingdom,7.020941429635039e-05
17262.0,52,5,1253.3600000000001,Loyal Customers,United Kingdom,0.00015139905287489246
17263.0,208,1,63.440000000000005,Lost Customers,United Kingdom,7.663206033687989e-06
17265.0,138,2,550.01,Potential Loyalists,United Kingdom,6.643820855278578e-05
17266.0,2,3,296.58,Loyal Customers,United Kingdom,3.582524661839822e-05
17267.0,127,2,317.2,Potential Loyalists,United Kingdom,3.8316030168439934e-05
17268.0,107,4,763.64,Potential Loyalists,United Kingdom,9.224354753413453e-05
17272.0,42,5,2144.53,Loyal Customers,United Kingdom,0.00025904752893166614
17274.0,35,1,107.82,At Risk,United Kingdom,1.3024068009965932e-05
17277.0,227,2,1065.3500000000001,Potential Loyalists,United Kingdom,0.00012868847017637923
17278.0,241,1,246.04,At Risk,United Kingdom,2.9720290235318292e-05
17279.0,57,1,187.82999999999998,At Risk,United Kingdom,2.268883968013264e-05
17282.0,130,3,1685.46,Potential Loyalists,United Kingdom,0.00020359437644293436
17284.0,60,7,1636.58,Loyal Customers,United Kingdom,0.00019768993900714195
17286.0,21,1,151.37,Potential Loyalists,United Kingdom,1.8284670512600107e-05
17287.0,26,7,1049.06,Champions,United Kingdom,0.00012672072701293695
17288.0,9,7,1417.63,Champions,United Kingdom,0.0001712419730381006
17289.0,31,4,922.77,Loyal Customers,United Kingdom,0.00011146558372803064
17290.0,3,2,513.01,Loyal Customers,United Kingdom,6.196881033011151e-05
17291.0,308,1,550.8000000000001,At Risk,United Kingdom,6.653363624456721e-05
17293.0,8,9,1854.06,Champions,United Kingdom,0.00022396033699274194
17295.0,28,3,547.0,Loyal Customers,United Kingdom,6.60746169676439e-05
17297.0,17,1,128.18,Potential Loyalists,United Kingdom,1.548344497790237e-05
17298.0,101,2,498.42,Potential Loyalists,United Kingdom,6.020641789581915e-05
17299.0,11,4,656.61,Loyal Customers,United Kingdom,7.931490721595002e-05
17301.0,21,1,163.24,Potential Loyalists,United Kingdom,1.9718501780252636e-05
17302.0,14,6,1119.93,Loyal Customers,United Kingdom,0.00013528143652755657
17303.0,361,1,250.04,At Risk,United Kingdom,3.0203468421553348e-05
17306.0,10,21,8600.73,Champions,United Kingdom,0.0010389212804243582
17307.0,365,1,-152.64000000000001,Lost Customers,United Kingdom,-1.8438079586729736e-05
17309.0,95,1,82.75,At Risk,United Kingdom,9.995748727737721e-06
17311.0,78,2,1384.85,Potential Loyalists,United Kingdom,0.0001672823278019043
17312.0,138,3,644.3,Potential Loyalists,United Kingdom,7.782792634781164e-05
17313.0,17,2,2288.13,Loyal Customers,United Kingdom,0.00027639362581750464
17314.0,24,11,2514.76,Champions,United Kingdom,0.00030376929390411736
17315.0,0,43,6193.43,Champions,United Kingdom,0.0007481325684934457
17317.0,46,5,2524.02,Loyal Customers,United Kingdom,0.0003048878514052515
17320.0,100,3,1200.6200000000001,Potential Loyalists,United Kingdom,0.00014502834848938325
17321.0,8,2,657.16,Loyal Customers,United Kingdom,7.938134421655733e-05
17323.0,15,9,894.44,Loyal Customers,United Kingdom,0.00010804347422402087
17324.0,17,4,986.48,Loyal Customers,United Kingdom,0.0001191614042892895
17325.0,280,1,96.8,Lost Customers,United Kingdom,1.1692912106888354e-05
17329.0,14,2,523.11,Loyal Customers,United Kingdom,6.318883525035504e-05
17330.0,22,2,363.9,Potential Loyalists,United Kingdom,4.395713549273421e-05
17331.0,123,1,175.2,At Risk,United Kingdom,2.116320455709545e-05
17333.0,85,1,494.25,Potential Loyalists,United Kingdom,5.97027046366691e-05
17334.0,301,3,306.6,At Risk,United Kingdom,3.703560797491704e-05
17337.0,151,7,1897.51,Loyal Customers,United Kingdom,0.00022920886004072026
17338.0,17,10,6461.79,Champions,United Kingdom,0.0007805489930079555
17339.0,94,2,243.36,Potential Loyalists,United Kingdom,2.9396560850540805e-05
17340.0,9,16,11891.18,Champions,United Kingdom,0.0014363896961486432
17341.0,156,3,682.29,Potential Loyalists,United Kingdom,8.241691117157908e-05
17343.0,355,1,193.64,Lost Customers,United Kingdom,2.3390655995639057e-05
17344.0,46,1,157.62,At Risk,United Kingdom,1.903963642859238e-05
17345.0,15,4,519.6899999999999,Loyal Customers,United Kingdom,6.277571790112405e-05
17346.0,3,16,2557.9,Champions,United Kingdom,0.00030898037064266244
17347.0,86,1,228.96,At Risk,United Kingdom,2.7657119380094605e-05
17348.0,14,5,1156.6,Loyal Customers,United Kingdom,0.0001397109725498664
17349.0,179,1,98.25,Lost Customers,United Kingdom,1.1868064199398561e-05
17350.0,8,5,1251.44,Champions,United Kingdom,0.0001511671273454996
17351.0,36,3,587.15,Potential Loyalists,United Kingdom,7.092451801197827e-05
17353.0,129,2,1740.0,Potential Loyalists,United Kingdom,0.00021018251101224934
17354.0,50,1,1393.06,Potential Loyalists,United Kingdom,0.00016827405102915177
17356.0,311,1,178.22,Lost Customers,United Kingdom,2.152800408770292e-05
17357.0,24,2,384.39,Potential Loyalists,United Kingdom,4.643221575172329e-05
17358.0,303,2,360.81,At Risk,United Kingdom,4.3583880343867634e-05
17359.0,11,1,127.86,Potential Loyalists,United Kingdom,1.5444790723003564e-05
17360.0,17,3,568.24,Loyal Customers,United Kingdom,6.864029313655205e-05
17361.0,49,3,488.2,Potential Loyalists,United Kingdom,5.8971897629988576e-05
17362.0,239,2,312.23,At Risk,United Kingdom,3.771568127204288e-05
17364.0,0,12,4437.23,Champions,United Kingdom,0.0005359931858269442
17365.0,12,8,4767.36,Champions,United Kingdom,0.0005758710894823891
17367.0,238,1,167.55,Lost Customers,United Kingdom,2.0239126275920907e-05
17368.0,23,9,1315.72,Champions,United Kingdom,0.00015893180079829696
17370.0,72,4,446.18,Potential Loyalists,United Kingdom,5.389611078358932e-05
17371.0,17,3,418.4,Potential Loyalists,United Kingdom,5.054043828018685e-05
17372.0,40,8,1337.18,Loyal Customers,United Kingdom,0.00016152405176744804
17373.0,40,4,646.92,Loyal Customers,United Kingdom,7.814440805979559e-05
17374.0,218,2,495.77,Potential Loyalists,United Kingdom,5.988631234743842e-05
17375.0,190,4,372.5,Potential Loyalists,United Kingdom,4.4995968593139585e-05
17376.0,70,2,203.2,Potential Loyalists,United Kingdom,2.454545186074084e-05
17377.0,23,21,3883.32,Champions,United Kingdom,0.0004690838785425794
17379.0,11,1,389.71999999999997,Potential Loyalists,United Kingdom,4.70760506848815e-05
17381.0,8,30,20272.43,Champions,United Kingdom,0.0024487989894942837
17382.0,65,1,65.4,At Risk,United Kingdom,7.899963344943166e-06
17383.0,4,1,193.39000000000001,Potential Loyalists,United Kingdom,2.336045735899937e-05
17384.0,19,2,336.4,Potential Loyalists,United Kingdom,4.06352854623682e-05
17385.0,14,1,256.11,Potential Loyalists,United Kingdom,3.0936691319165044e-05
17386.0,7,6,2686.42,Champions,United Kingdom,0.0003245048857663948
17387.0,19,2,746.81,Loyal Customers,United Kingdom,9.021057531555052e-05
17388.0,77,4,1259.56,Loyal Customers,United Kingdom,0.00015214797906355675
17389.0,0,43,31300.079999999998,Champions,United Kingdom,0.0037808789708530374
17391.0,163,2,508.8,Potential Loyalists,United Kingdom,6.146026528909912e-05
17392.0,306,2,417.27,At Risk,United Kingdom,5.040394044257545e-05
17394.0,219,1,203.86999999999998,Lost Customers,United Kingdom,2.4626384206935212e-05
17396.0,39,8,7330.8,Champions,United Kingdom,0.0008855206619129871
17397.0,22,2,681.41,Loyal Customers,United Kingdom,8.231061197060737e-05
17398.0,114,3,653.38,Potential Loyalists,United Kingdom,7.892474083056522e-05
17400.0,126,5,2097.84,Loyal Customers,United Kingdom,0.00025340763155283746
17402.0,4,13,2633.85,Champions,United Kingdom,0.00031815471645380055
17403.0,36,1,263.92,Potential Loyalists,United Kingdom,3.188009672778899e-05
17404.0,4,18,30300.82,Champions,Sweden,0.003660173812258727
17405.0,1,5,967.22,Champions,United Kingdom,0.00011683490132256771
17406.0,330,5,1912.72,Potential Loyalists,United Kingdom,0.00023104614509387907
17408.0,163,1,32.65,At Risk,United Kingdom,3.943941945143644e-06
17409.0,184,2,771.85,Potential Loyalists,United Kingdom,9.323527076138198e-05
17410.0,16,5,1214.72,Loyal Customers,United Kingdom,0.0001467315515958618
17411.0,12,4,748.94,Loyal Customers,United Kingdom,9.046786769972071e-05
17412.0,2,7,1258.06,Champions,United Kingdom,0.0001519667872437186
17414.0,43,2,778.0,Potential Loyalists,United Kingdom,9.397815722271838e-05
17415.0,79,1,507.84,Potential Loyalists,United Kingdom,6.13443025244027e-05
17416.0,29,9,6838.34,Champions,United Kingdom,0.0008260341795146581
17418.0,42,2,463.46000000000004,Potential Loyalists,United Kingdom,5.5983440548124764e-05
17419.0,11,14,4200.97,Champions,United Kingdom,0.0005074542662569707
17420.0,50,3,598.83,Potential Loyalists,United Kingdom,7.233539831578464e-05
17422.0,16,10,1853.1299999999999,Champions,United Kingdom,0.0002238479980644423
17423.0,45,4,663.63,Loyal Customers,United Kingdom,8.016288493279254e-05
17425.0,19,2,759.17,Loyal Customers,United Kingdom,9.170359591101685e-05
17426.0,4,7,5022.26,Champions,United Kingdom,0.0006066616194002181
17427.0,71,1,100.8,At Risk,United Kingdom,1.217609029312341e-05
17428.0,0,33,17078.45,Champions,United Kingdom,0.0020629836236765228
17429.0,120,4,512.12,Potential Loyalists,United Kingdom,6.186130318367422e-05
17430.0,32,2,265.76,Potential Loyalists,United Kingdom,3.210235869345712e-05
17431.0,313,1,403.3,At Risk,United Kingdom,4.871644062714952e-05
17432.0,18,2,365.76,Potential Loyalists,United Kingdom,4.418181334933352e-05
17433.0,88,1,303.15999999999997,At Risk,United Kingdom,3.662007473475489e-05
17434.0,2,9,2333.42,Champions,United Kingdom,0.00028186441083115105
17436.0,1,2,216.29999999999998,Potential Loyalists,United Kingdom,2.612786042066065e-05
17438.0,247,2,378.3,At Risk,United Kingdom,4.5696576963180416e-05
17440.0,147,5,177.1,Potential Loyalists,United Kingdom,2.1392714195557103e-05
17442.0,29,10,2210.2599999999998,Champions,United Kingdom,0.00026698735447697365
17443.0,219,1,534.24,At Risk,Canada,6.453327855355407e-05
17444.0,147,3,2940.04,Loyal Customers,Canada,0.00035514079866462846
17446.0,176,2,120.9,At Risk,United Kingdom,1.4604060678954567e-05
17447.0,40,2,541.53,Potential Loyalists,United Kingdom,6.541387079796746e-05
17448.0,144,1,-4287.63,At Risk,United Kingdom,-0.0005179223216617533
17449.0,2,8,2503.21,Champions,United Kingdom,0.0003023741168913636
17450.0,8,55,187322.17,Champions,United Kingdom,0.022627496585553703
17451.0,1,10,1648.95,Champions,United Kingdom,0.0001991841675480739
17453.0,17,2,486.71999999999997,Loyal Customers,United Kingdom,5.8793121701081603e-05
17454.0,192,4,517.53,Potential Loyalists,United Kingdom,6.251480168055712e-05
17455.0,203,1,131.7,Lost Customers,United Kingdom,1.5908641781789216e-05
17456.0,365,1,249.86,At Risk,United Kingdom,3.0181725403172773e-05
17457.0,126,5,1737.7,Loyal Customers,United Kingdom,0.0002099046835551642
17458.0,15,1,316.5,Potential Loyalists,United Kingdom,3.82314739858488e-05
17459.0,43,2,657.3,Potential Loyalists,United Kingdom,7.939825545307556e-05
17460.0,78,8,452.63,Potential Loyalists,United Kingdom,5.4675235608893344e-05
17461.0,22,3,735.82,Loyal Customers,United Kingdom,8.888304324886972e-05
17462.0,51,3,662.94,Potential Loyalists,United Kingdom,8.007953669566701e-05
17463.0,16,6,1860.81,Loyal Customers,United Kingdom,0.0002247757001820136
17464.0,158,1,289.96000000000004,At Risk,United Kingdom,3.502558672017921e-05
17466.0,10,2,763.28,Loyal Customers,United Kingdom,9.220006149737337e-05
17468.0,10,2,137.0,Potential Loyalists,United Kingdom,1.6548852878550666e-05
17469.0,16,6,1843.06,Loyal Customers,United Kingdom,0.00022263159698059556
17470.0,44,5,1125.07,Loyal Customers,United Kingdom,0.0001359023204968686
17472.0,191,3,697.54,Potential Loyalists,United Kingdom,8.425902800660023e-05
17475.0,79,1,194.37,At Risk,United Kingdom,2.3478836014626956e-05
17480.0,73,2,506.51,Potential Loyalists,United Kingdom,6.118364577747955e-05
17481.0,3,5,1249.34,Champions,United Kingdom,0.00015091345879772618
17483.0,65,3,414.04,Potential Loyalists,United Kingdom,5.001377405719064e-05
17486.0,261,1,396.87,At Risk,United Kingdom,4.793973169277666e-05
17489.0,58,2,376.64,Potential Loyalists,United Kingdom,4.549605801589287e-05
17490.0,0,11,1926.8799999999999,Champions,United Kingdom,0.00023275659587315115
17491.0,1,11,3541.92,Champions,United Kingdom,0.00042784462034741735
17492.0,248,1,374.57,At Risk,United Kingdom,4.524601330451623e-05
17495.0,7,2,497.56,Loyal Customers,United Kingdom,6.0102534585778614e-05
17496.0,358,1,271.05,At Risk,United Kingdom,3.274136184475298e-05
17498.0,75,1,272.22,At Risk,United Kingdom,3.288269146422674e-05
17499.0,289,1,622.88,At Risk,United Kingdom,7.524050716052292e-05
17500.0,17,3,1138.0,Loyal Customers,United Kingdom,0.0001374641939838734
17501.0,220,2,288.6,At Risk,United Kingdom,3.486130613685929e-05
17502.0,9,4,689.1,Loyal Customers,United Kingdom,8.323952203364427e-05
17503.0,2,2,558.96,Loyal Customers,United Kingdom,6.751931974448672e-05
17504.0,206,10,2745.2799999999997,Loyal Customers,United Kingdom,0.0003316148527768436
17505.0,161,2,1145.84,Potential Loyalists,United Kingdom,0.00013841122322889412
17506.0,70,2,294.29,Potential Loyalists,United Kingdom,3.5548627106778655e-05
17507.0,261,2,605.58,Potential Loyalists,United Kingdom,7.315076150505631e-05
17508.0,280,1,387.31,At Risk,Greece,4.678493582767488e-05
17509.0,57,11,6069.24,Champions,United Kingdom,0.0007331310937563128
17510.0,24,1,308.48,Potential Loyalists,United Kingdom,3.726270172244752e-05
17511.0,2,46,88125.38,Champions,United Kingdom,0.010645065317418769
17512.0,28,11,2920.04,Champions,United Kingdom,0.0003527249077334532
17513.0,72,1,513.2,Potential Loyalists,United Kingdom,6.199176129395768e-05
17514.0,128,1,208.65,At Risk,United Kingdom,2.5203782139486108e-05
17515.0,31,4,639.02,Loyal Customers,United Kingdom,7.719013114198136e-05
17516.0,15,5,764.88,Loyal Customers,United Kingdom,9.23933327718674e-05
17517.0,308,1,153.94,Lost Customers,United Kingdom,1.8595112497256127e-05
17519.0,17,7,1839.07,Champions,United Kingdom,0.00022214962673982607
17520.0,53,1,546.81,Potential Loyalists,United Kingdom,6.605166600379773e-05
17521.0,24,4,721.9599999999999,Loyal Customers,United Kingdom,8.720883083356525e-05
17522.0,1,5,1070.71,Champions,United Kingdom,0.0001293359289459342
17523.0,11,4,652.74,Loyal Customers,United Kingdom,7.88474323207676e-05
17524.0,361,1,145.0,Lost Customers,United Kingdom,1.7515209251020778e-05
17525.0,359,1,422.70000000000005,At Risk,United Kingdom,5.1059854830389546e-05
17526.0,1,8,706.7,Champions,United Kingdom,8.536550605307852e-05
17527.0,53,6,888.86,Loyal Customers,United Kingdom,0.00010736944065422296
17528.0,1,11,3540.1,Champions,United Kingdom,0.0004276247742726804
17530.0,1,10,2367.12,Champions,United Kingdom,0.0002859351870501814
17531.0,120,2,293.45,Potential Loyalists,United Kingdom,3.544715968766929e-05
17534.0,53,1,223.36,At Risk,United Kingdom,2.6980669919365525e-05
17535.0,280,1,164.4,Lost Customers,United Kingdom,1.98586234542608e-05
17536.0,177,1,76.5,At Risk,United Kingdom,9.240782811745445e-06
17537.0,29,2,887.67,Loyal Customers,United Kingdom,0.00010722569514381803
17538.0,25,1,98.42,Potential Loyalists,United Kingdom,1.1888599272313553e-05
17540.0,8,3,570.4,Loyal Customers,United Kingdom,6.890120935711897e-05
17542.0,269,1,170.75,Lost Customers,United Kingdom,2.0625668824908952e-05
17545.0,43,3,642.32,Potential Loyalists,United Kingdom,7.75887531456253e-05
17547.0,372,1,-11.8,Lost Customers,United Kingdom,-1.425375649393415e-06
17548.0,217,3,-141.48,At Risk,United Kingdom,-1.7090012447133928e-05
17549.0,23,2,148.86,Potential Loyalists,United Kingdom,1.7981476200737608e-05
17550.0,197,3,267.16,At Risk,United Kingdom,3.227147105863939e-05
17551.0,359,1,290.34,At Risk,United Kingdom,3.507148864787153e-05
17552.0,42,6,909.96,Loyal Customers,United Kingdom,0.00010991820558661288
17553.0,129,1,1487.6,Potential Loyalists,United Kingdom,0.0001796939674608173
17554.0,1,5,1952.45,Champions,United Kingdom,0.00023584531242865875
17555.0,19,2,480.31,Loyal Customers,United Kingdom,5.8018828657639935e-05
17556.0,205,1,157.9,Lost Customers,United Kingdom,1.9073458901628833e-05
17557.0,14,3,541.46,Loyal Customers,United Kingdom,6.540541517970835e-05
17560.0,94,4,854.95,Potential Loyalists,United Kingdom,0.00010327329758041528
17561.0,19,1,165.12,Potential Loyalists,United Kingdom,1.994559552778311e-05
17562.0,14,8,1107.38,Champions,United Kingdom,0.00013376546496824407
17564.0,24,3,454.01,Potential Loyalists,United Kingdom,5.484193208314444e-05
17566.0,8,2,869.77,Loyal Customers,United Kingdom,0.00010506347276041615
17567.0,7,10,4012.56,Champions,United Kingdom,0.00048469536573983403
17569.0,332,1,344.14,At Risk,United Kingdom,4.1570235252733035e-05
17571.0,50,4,1425.67,Loyal Customers,United Kingdom,0.00017221316119243307
17572.0,71,4,226.75000000000003,Potential Loyalists,United Kingdom,2.7390163432199737e-05
17573.0,29,4,362.9,Loyal Customers,United Kingdom,4.383634094617545e-05
17574.0,242,1,185.65,Lost Customers,United Kingdom,2.2425507568634535e-05
17576.0,8,22,3399.93,Champions,United Kingdom,0.00041069300268153843
17578.0,190,2,124.74,At Risk,United Kingdom,1.5067911737740219e-05
17579.0,4,4,440.2,Loyal Customers,United Kingdom,5.3173759395167904e-05
17580.0,252,3,215.72,At Risk,United Kingdom,2.6057799583656567e-05
17581.0,0,31,10716.31,Champions,United Kingdom,0.0012944718072331481
17582.0,236,1,175.27,Lost Customers,United Kingdom,2.1171660175354566e-05
17584.0,7,3,1227.3,Loyal Customers,United Kingdom,0.00014825114699157103
17585.0,109,4,1116.68,Loyal Customers,United Kingdom,0.00013488885425124057
17588.0,100,3,1240.2,Potential Loyalists,United Kingdom,0.0001498093966421791
17589.0,60,4,2404.17,Loyal Customers,United Kingdom,0.0002904106250001836
17590.0,2,3,1468.02,Loyal Customers,United Kingdom,0.0001773288102391967
17591.0,73,8,2192.7200000000003,Loyal Customers,United Kingdom,0.000264868618130333
17593.0,3,6,3908.08,Champions,United Kingdom,0.00047207475151537435
17594.0,85,2,993.18,Potential Loyalists,United Kingdom,0.00011997072775123321
17595.0,12,2,386.69,Potential Loyalists,United Kingdom,4.6710043208808444e-05
17596.0,23,7,2806.69,Champions,United Kingdom,0.0003390328458810173
17597.0,213,1,2044.3700000000001,Potential Loyalists,United Kingdom,0.00024694874714834036
17600.0,17,1,161.67000000000002,Potential Loyalists,United Kingdom,1.9528854342155377e-05
17601.0,239,1,116.00999999999999,Lost Customers,United Kingdom,1.4013375346282209e-05
17602.0,2,8,5002.22,Champions,United Kingdom,0.0006042408966871805
17603.0,50,5,-1165.3,Potential Loyalists,United Kingdom,-0.00014076188510492768
17604.0,217,2,309.36,At Risk,United Kingdom,3.7369000923419226e-05
17608.0,33,2,191.99,Potential Loyalists,United Kingdom,2.31913449938171e-05
17609.0,40,6,1097.48,Loyal Customers,United Kingdom,0.0001325695989573123
17611.0,3,19,3924.77,Champions,United Kingdom,0.00047409081249744013
17612.0,53,10,1992.76,Loyal Customers,United Kingdom,0.00024071454060044253
17613.0,22,17,4494.77,Champions,United Kingdom,0.0005429437040359357
17614.0,57,1,386.32,Potential Loyalists,United Kingdom,4.66653492265817e-05
17615.0,130,3,329.6,Potential Loyalists,United Kingdom,3.9813882545768616e-05
17616.0,173,3,571.1999999999999,Potential Loyalists,United Kingdom,6.899784499436599e-05
17618.0,5,3,930.28,Loyal Customers,United Kingdom,0.00011237275077268697
17619.0,312,1,214.37,Lost Customers,United Kingdom,2.5894726945802236e-05
17620.0,59,1,81.44,At Risk,United Kingdom,9.83750787174574e-06
17621.0,21,4,1336.1,Loyal Customers,United Kingdom,0.00016139359365716454
17623.0,32,1,527.0500000000001,Potential Loyalists,United Kingdom,6.366476576379656e-05
17624.0,14,2,843.48,Loyal Customers,United Kingdom,0.00010188778413138626
17625.0,18,4,2020.4,Champions,United Kingdom,0.00024405330186732678
17628.0,81,1,75.75,At Risk,United Kingdom,9.150186901826373e-06
17629.0,5,9,1784.12,Champions,United Kingdom,0.000215511966406422
17630.0,169,2,503.59999999999997,Potential Loyalists,United Kingdom,6.083213364699354e-05
17631.0,1,3,528.33,Loyal Customers,United Kingdom,6.381938278339178e-05
17633.0,31,6,1242.34,Loyal Customers,United Kingdom,0.00015006789697181484
17634.0,36,9,2358.59,Champions,United Kingdom,0.00028490480956803516
17636.0,8,2,265.93,Loyal Customers,United Kingdom,3.212289376637211e-05
17637.0,31,2,547.0600000000001,Loyal Customers,United Kingdom,6.608186464043743e-05
17639.0,276,1,108.5,Lost Customers,United Kingdom,1.3106208301625893e-05
17640.0,86,1,621.66,Potential Loyalists,United Kingdom,7.509313781372122e-05
17642.0,119,2,712.29,Potential Loyalists,United Kingdom,8.6040747568342e-05
17643.0,373,1,101.55,Lost Customers,United Kingdom,1.2266686203042482e-05
17644.0,1,17,2768.98,Champions,United Kingdom,0.0003344776835302863
17646.0,219,4,995.6600000000001,Potential Loyalists,United Kingdom,0.00012027029822669896
17647.0,65,1,133.06,At Risk,United Kingdom,1.6072922365109137e-05
17648.0,60,5,1789.55,Loyal Customers,United Kingdom,0.0002161678807942361
17649.0,134,2,861.74,Potential Loyalists,United Kingdom,0.00010409349255154928
17650.0,21,1,166.08,Potential Loyalists,United Kingdom,2.0061558292479524e-05
17651.0,11,14,3886.67,Champions,United Kingdom,0.00046948854027355127
17652.0,25,18,4737.13,Champions,United Kingdom,0.0005722194703399176
17653.0,29,5,1175.88,Loyal Customers,United Kingdom,0.0001420398914075194
17654.0,277,1,117.55,Lost Customers,United Kingdom,1.4199398947982706e-05
17655.0,10,8,2571.7400000000002,Champions,United Kingdom,0.0003106521671670357
17656.0,73,5,1674.69,Loyal Customers,United Kingdom,0.00020229341917649647
17658.0,10,3,485.88,Loyal Customers,United Kingdom,5.869165428197225e-05
17659.0,3,14,2954.75,Champions,United Kingdom,0.0003569176864445079
17660.0,141,1,178.75,At Risk,United Kingdom,2.1592025197379064e-05
17663.0,25,9,1788.27,Champions,United Kingdom,0.0002160132637746409
17664.0,18,2,604.64,Loyal Customers,United Kingdom,7.303721463129105e-05
17666.0,3,2,728.16,Loyal Customers,United Kingdom,8.795775702222958e-05
17667.0,66,5,2055.51,Loyal Customers,United Kingdom,0.000248294398397005
17668.0,1,2,347.75,Loyal Customers,United Kingdom,4.2006303565810175e-05
17669.0,42,7,3406.7200000000003,Champions,United Kingdom,0.0004115131976526725
17670.0,227,1,205.7,Lost Customers,United Kingdom,2.4847438227137752e-05
17671.0,15,6,1284.08,Loyal Customers,United Kingdom,0.00015510986134517765
17672.0,43,4,3106.62,Loyal Customers,United Kingdom,0.00037526275423038736
17673.0,1,7,1588.07,Champions,United Kingdom,0.00019183019555357633
17674.0,74,2,551.04,Potential Loyalists,United Kingdom,6.656262693574131e-05
17675.0,1,41,20098.1,Champions,United Kingdom,0.002427740876192694
17676.0,4,7,1366.77,Champions,United Kingdom,0.00016509836240012184
17677.0,1,43,16201.37,Champions,United Kingdom,0.001957037142780762
17678.0,263,1,298.11,At Risk,United Kingdom,3.601006227463313e-05
17679.0,52,2,1992.1100000000001,Loyal Customers,United Kingdom,0.00024063602414517934
17680.0,23,1,184.4,Potential Loyalists,United Kingdom,2.227451438543608e-05
17682.0,10,7,2459.33,Champions,United Kingdom,0.000297073652188365
17684.0,43,1,239.41,Potential Loyalists,United Kingdom,2.8919422391633686e-05
17685.0,16,7,3155.83,Champions,United Kingdom,0.00038120705386654414
17686.0,7,7,5739.46,Champions,United Kingdom,0.0006932954681921636
17690.0,30,16,4717.3,Champions,United Kingdom,0.0005698241144816574
17691.0,358,2,290.40000000000003,At Risk,United Kingdom,3.507873632066507e-05
17692.0,127,5,733.4399999999999,Potential Loyalists,United Kingdom,8.859555222805986e-05
17693.0,136,3,187.02,At Risk,United Kingdom,2.259099609742004e-05
17694.0,141,1,283.12,At Risk,United Kingdom,3.419935202171726e-05
17695.0,131,2,765.34,Potential Loyalists,United Kingdom,9.244889826328444e-05
17696.0,38,14,2201.05,Champions,United Kingdom,0.0002658748367031675
17697.0,236,1,338.95,At Risk,United Kingdom,4.0943311556093056e-05
17698.0,260,1,154.95,Lost Customers,United Kingdom,1.8717114989280478e-05
17700.0,16,6,2508.89,Champions,United Kingdom,0.00030306022991581736
17701.0,252,1,417.95,At Risk,United Kingdom,5.048608073423541e-05
17702.0,30,6,1719.72,Loyal Customers,United Kingdom,0.0002077327976080376
17703.0,35,3,798.74,Potential Loyalists,United Kingdom,9.648343611834716e-05
17704.0,168,2,885.19,Potential Loyalists,United Kingdom,0.0001069261246683523
17705.0,3,10,1781.12,Champions,United Kingdom,0.0002151495827667457
17706.0,4,22,10097.37,Champions,United Kingdom,0.001219707230586067
17707.0,185,2,152.4,At Risk,United Kingdom,1.8409088895555633e-05
17708.0,187,2,263.33,At Risk,United Kingdom,3.1808827945319316e-05
17709.0,169,1,137.45,At Risk,United Kingdom,1.660321042450211e-05
17711.0,10,2,385.1,Loyal Customers,United Kingdom,4.6517979879780014e-05
17712.0,44,1,522.91,Potential Loyalists,United Kingdom,6.316467634104328e-05
17714.0,320,1,153.0,Lost Customers,United Kingdom,1.848156562349089e-05
17715.0,200,1,326.4,At Risk,United Kingdom,3.942733999678056e-05
17716.0,22,12,5505.79,Champions,United Kingdom,0.0006650694064977772
17718.0,232,1,139.35,Lost Customers,United Kingdom,1.683272006296376e-05
17719.0,37,18,5367.8,Champions,United Kingdom,0.0006484009670181334
17720.0,26,4,1195.94,Loyal Customers,United Kingdom,0.00014446303001148822
17722.0,96,6,2380.64,Loyal Customers,United Kingdom,0.0002875683293196559
17723.0,127,6,3276.4000000000005,Loyal Customers,United Kingdom,0.0003957712523451344
17724.0,57,4,995.6500000000001,Loyal Customers,United Kingdom,0.00012026909028123337
17725.0,16,14,3371.13,Champions,United Kingdom,0.00040721411974064604
17727.0,9,2,1042.55,Loyal Customers,United Kingdom,0.0001259343545148394
17728.0,3,5,2515.68,Champions,United Kingdom,0.0003038804248869514
17730.0,3,15,5288.83,Champions,United Kingdom,0.0006388618216763877
17731.0,79,5,878.2,Potential Loyalists,United Kingdom,0.00010608177078790654
17732.0,372,1,303.97,At Risk,United Kingdom,3.6717918317467493e-05
17733.0,38,2,692.19,Potential Loyalists,United Kingdom,8.361277718251085e-05
17734.0,53,3,700.63,Potential Loyalists,United Kingdom,8.463228315546682e-05
17735.0,2,19,13110.02,Champions,United Kingdom,0.001583618921276327
17736.0,9,4,337.49,Loyal Customers,United Kingdom,4.076695151811726e-05
17737.0,9,2,168.24,Potential Loyalists,United Kingdom,2.0322474513046453e-05
17738.0,19,5,1863.35,Loyal Customers,United Kingdom,0.00022508251833027287
17739.0,11,8,2786.05,Champions,United Kingdom,0.0003365396464400444
17742.0,113,2,355.11,Potential Loyalists,United Kingdom,4.2895351428482684e-05
17744.0,3,7,2291.08,Champions,United Kingdom,0.00027674996972985297
17746.0,234,2,98.8,At Risk,United Kingdom,1.1934501200005882e-05
17747.0,100,2,64.65,At Risk,United Kingdom,7.809367435024092e-06
17749.0,178,2,674.52,Potential Loyalists,United Kingdom,8.147833754481749e-05
17750.0,5,9,1710.45,Champions,United Kingdom,0.00020661303216143787
17752.0,359,1,80.64,Lost Customers,United Kingdom,9.740872234498729e-06
17754.0,0,6,1632.31,Champions,United Kingdom,0.00019717414629333605
17757.0,1,31,5573.59,Champions,United Kingdom,0.0006732592767544614
17758.0,19,8,3408.2000000000003,Champions,United Kingdom,0.00041169197358157945
17759.0,17,3,819.96,Loyal Customers,United Kingdom,9.904669639632412e-05
17760.0,21,2,287.59,Potential Loyalists,United Kingdom,3.473930364483493e-05
17761.0,32,1,712.78,Potential Loyalists,United Kingdom,8.60999368961558e-05
17763.0,263,1,15.0,Lost Customers,United Kingdom,1.81191819838146e-06
17764.0,50,2,772.55,Potential Loyalists,United Kingdom,9.331982694397312e-05
17765.0,158,3,367.63,Potential Loyalists,United Kingdom,4.440769915139841e-05
17767.0,15,1,271.2,Potential Loyalists,United Kingdom,3.275948102673679e-05
17768.0,8,3,2081.9,Champions,United Kingdom,0.00025148216648069075
17769.0,12,12,3920.08,Champions,United Kingdom,0.00047352428607407953
17770.0,198,5,1143.27,Potential Loyalists,United Kingdom,0.0001381007812442381
17771.0,56,2,245.81,Potential Loyalists,United Kingdom,2.9692507489609777e-05
17772.0,10,2,173.45,Potential Loyalists,United Kingdom,2.0951814100617614e-05
17774.0,96,5,1203.78,Loyal Customers,United Kingdom,0.0001454100592565089
17775.0,254,1,56.4,Lost Customers,United Kingdom,6.812812425914289e-06
17777.0,24,3,647.56,Loyal Customers,United Kingdom,7.822171656959321e-05
17779.0,21,5,633.92,Loyal Customers,United Kingdom,7.657407895453166e-05
17781.0,159,2,188.02,At Risk,United Kingdom,2.2711790643978805e-05
17783.0,72,2,283.47,Potential Loyalists,United Kingdom,3.424163011301283e-05
17785.0,53,1,131.94,At Risk,United Kingdom,1.5937632472963322e-05
17786.0,85,2,266.85,Potential Loyalists,United Kingdom,3.2234024749206174e-05
17787.0,152,4,1817.54,Loyal Customers,United Kingdom,0.0002195489201524159
17788.0,73,2,1117.9,Potential Loyalists,United Kingdom,0.00013503622359804226
17789.0,281,1,225.9,Lost Customers,United Kingdom,2.7287488067624786e-05
17790.0,26,14,1964.3,Champions,United Kingdom,0.0002372767278053801
17791.0,29,1,106.1,Potential Loyalists,United Kingdom,1.2816301389884858e-05
17793.0,25,1,300.34,Potential Loyalists,United Kingdom,3.627943411345917e-05
17795.0,179,2,342.83,At Risk,United Kingdom,4.141199439674106e-05
17796.0,40,4,690.0,Loyal Customers,United Kingdom,8.334823712554715e-05
17797.0,22,3,780.43,Loyal Customers,United Kingdom,9.427168797085618e-05
17799.0,22,11,3009.32,Champions,United Kingdom,0.0003635094448502197
17800.0,37,9,1187.21,Loyal Customers,United Kingdom,0.0001434084936200302
17802.0,82,4,1251.84,Loyal Customers,United Kingdom,0.0001512154451641231
17805.0,73,1,512.31,Potential Loyalists,United Kingdom,6.188425414752038e-05
17806.0,11,1,546.04,Loyal Customers,United Kingdom,6.595865420294748e-05
17809.0,16,15,4627.62,Champions,United Kingdom,0.0005589912595462674
17811.0,4,51,7601.8,Champions,United Kingdom,0.0009182559840304122
17812.0,12,4,699.81,Loyal Customers,United Kingdom,8.453323162728862e-05
17813.0,14,7,1641.79,Champions,United Kingdom,0.00019831927859471313
17816.0,36,4,36.56,Potential Loyalists,United Kingdom,4.416248622188412e-06
17817.0,4,3,387.68,Loyal Customers,United Kingdom,4.682962980990163e-05
17819.0,71,8,3661.0699999999997,Champions,United Kingdom,0.00044223729056989405
17820.0,191,2,-24.05,At Risk,United Kingdom,-2.905108844738274e-06
17824.0,51,1,298.4,Potential Loyalists,United Kingdom,3.6045092693135175e-05
17827.0,5,5,1987.33,Champions,United Kingdom,0.00024005862621262843
17828.0,8,9,1599.97,Champions,Malta,0.00019326765065762563
17829.0,298,1,889.24,At Risk,United Arab Emirates,0.0001074153425819153
17830.0,1,3,398.7,Loyal Customers,United Kingdom,4.81607857129792e-05
17831.0,33,1,35.400000000000006,At Risk,United Kingdom,4.276126948180246e-06
17832.0,49,1,155.37,At Risk,United Kingdom,1.8767848698835163e-05
17835.0,2,3,342.24,Loyal Customers,United Kingdom,4.134072561427139e-05
17836.0,47,1,110.21000000000001,At Risk,United Kingdom,1.331276697624138e-05
17837.0,42,10,1508.38,Loyal Customers,United Kingdom,0.00018220407813830845
17838.0,26,6,2267.4,Champions,United Kingdom,0.0002738895548673415
17839.0,42,1,318.15,Potential Loyalists,United Kingdom,3.843078498767076e-05
17841.0,1,169,39869.05,Champions,United Kingdom,0.00481596381647869
17843.0,303,1,205.48,Lost Customers,United Kingdom,2.4820863426894824e-05
17844.0,106,1,51.559999999999995,At Risk,Canada,6.2281668205698705e-06
17846.0,85,1,2033.1,Potential Loyalists,United Kingdom,0.00024558739260862304
17848.0,81,9,901.1999999999999,Loyal Customers,United Kingdom,0.0001088600453587581
17849.0,218,4,605.8000000000001,Potential Loyalists,United Kingdom,7.317733630529924e-05
17850.0,302,35,5303.4800000000005,Loyal Customers,United Kingdom,0.0006406314617834737
17852.0,11,2,114.34,Potential Loyalists,United Kingdom,1.3811648453529075e-05
17854.0,185,2,311.26,At Risk,United Kingdom,3.759851056188088e-05
17855.0,372,1,208.97,Lost Customers,United Kingdom,2.524243639438491e-05
17856.0,1,6,1393.79,Champions,United Kingdom,0.00016836223104813966
17857.0,3,25,26763.34,Champions,United Kingdom,0.003232865519698031
17858.0,5,12,5140.66,Champions,United Kingdom,0.0006209636937127757
17859.0,304,1,141.92000000000002,Lost Customers,United Kingdom,1.7143162047619787e-05
17860.0,368,1,226.45000000000002,Lost Customers,United Kingdom,2.7353925068232106e-05
17861.0,3,9,2056.28,Champions,United Kingdom,0.00024838741019785526
17862.0,323,1,330.9,At Risk,United Kingdom,3.9970915456295004e-05
17863.0,59,6,3160.0,Loyal Customers,United Kingdom,0.0003817107671256942
17864.0,12,3,554.85,Loyal Customers,United Kingdom,6.702285415813021e-05
17865.0,30,27,10158.54,Champions,United Kingdom,0.0012270962329990664
17866.0,142,2,325.7,Potential Loyalists,United Kingdom,3.934278381418943e-05
17867.0,30,8,583.52,Loyal Customers,United Kingdom,7.048603380796996e-05
17869.0,107,5,428.18,Potential Loyalists,United Kingdom,5.172180894553157e-05
17870.0,2,13,1860.94,Champions,United Kingdom,0.00022479140347306627
17871.0,204,1,155.9,Lost Customers,United Kingdom,1.8831869808511305e-05
17873.0,80,6,1754.16,Loyal Customers,United Kingdom,0.00021189296179152144
17874.0,185,7,658.26,Potential Loyalists,United Kingdom,7.951421821777199e-05
17877.0,170,1,237.61,At Risk,United Kingdom,2.8701992207827915e-05
17878.0,43,1,379.45,Potential Loyalists,United Kingdom,4.5835490691722996e-05
17879.0,173,1,178.51999999999998,At Risk,United Kingdom,2.1564242451670545e-05
17880.0,364,1,458.92,At Risk,United Kingdom,5.543503330674797e-05
17881.0,304,1,133.35000000000002,Lost Customers,United Kingdom,1.610795278361118e-05
17883.0,3,4,664.34,Loyal Customers,United Kingdom,8.024864906084928e-05
17884.0,3,4,695.0699999999999,Loyal Customers,United Kingdom,8.396066547660008e-05
17885.0,12,1,156.34,Potential Loyalists,United Kingdom,1.888501940899716e-05
17886.0,31,3,869.28,Loyal Customers,United Kingdom,0.00010500428343260235
17887.0,129,1,111.35,At Risk,United Kingdom,1.345047275931837e-05
17888.0,18,10,515.73,Loyal Customers,United Kingdom,6.229737149675136e-05
17889.0,212,2,201.37,At Risk,United Kingdom,2.4324397840538304e-05
17890.0,322,2,586.89,Potential Loyalists,United Kingdom,7.089311142987299e-05
17891.0,162,1,203.85999999999999,At Risk,United Kingdom,2.4625176261469625e-05
17892.0,56,3,244.1,Potential Loyalists,United Kingdom,2.9485948814994288e-05
17893.0,225,1,107.21,Lost Customers,United Kingdom,1.2950383336565086e-05
17894.0,71,8,1118.96,Loyal Customers,United Kingdom,0.00013516426581739455
17895.0,44,1,95.45,At Risk,United Kingdom,1.1529839469034023e-05
17896.0,23,1,256.32,Potential Loyalists,United Kingdom,3.096205817394239e-05
17897.0,172,4,516.3100000000001,Potential Loyalists,United Kingdom,6.236743233375545e-05
17898.0,85,2,152.06,At Risk,United Kingdom,1.8368018749725653e-05
17899.0,159,1,154.55,At Risk,United Kingdom,1.8668797170656974e-05
17900.0,164,4,15.0,Potential Loyalists,United Kingdom,1.81191819838146e-06
17901.0,29,1,110.38,Potential Loyalists,United Kingdom,1.3333302049156368e-05
17904.0,21,2,168.32,Potential Loyalists,United Kingdom,2.0332138076771155e-05
17905.0,71,4,798.99,Loyal Customers,United Kingdom,9.651363475498684e-05
17906.0,247,1,72.9,Lost Customers,United Kingdom,8.805922444133896e-06
17908.0,373,1,232.03,Lost Customers,United Kingdom,2.802795863803001e-05
17911.0,9,1,366.23,Potential Loyalists,United Kingdom,4.423858678621614e-05
17912.0,310,6,294.65999999999997,Potential Loyalists,United Kingdom,3.5593321089005396e-05
17913.0,58,2,408.65,Potential Loyalists,United Kingdom,4.93626914512389e-05
17914.0,3,1,329.36,Potential Loyalists,United Kingdom,3.9784891854594507e-05
17917.0,45,3,335.03,Potential Loyalists,United Kingdom,4.04697969335827e-05
17919.0,88,1,1304.04,Potential Loyalists,United Kingdom,0.00015752092049449058
17920.0,4,17,4119.5,Champions,United Kingdom,0.0004976131345488283
17921.0,64,4,820.23,Loyal Customers,United Kingdom,9.907931092389499e-05
17923.0,282,1,207.50000000000003,Lost Customers,United Kingdom,2.506486841094353e-05
17924.0,1,13,2894.33,Champions,United Kingdom,0.00034961927994142737
17925.0,372,1,244.08,At Risk,United Kingdom,2.9483532924063117e-05
17926.0,133,2,397.29,Potential Loyalists,United Kingdom,4.7990465402331344e-05
17928.0,45,2,212.54,Potential Loyalists,United Kingdom,2.5673672925599696e-05
17929.0,11,5,834.5,Loyal Customers,United Kingdom,0.00010080304910328855
17930.0,35,5,1740.48,Loyal Customers,United Kingdom,0.00021024049239459755
17931.0,134,2,408.36,Potential Loyalists,United Kingdom,4.932766103273687e-05
17932.0,29,3,1331.57,Loyal Customers,United Kingdom,0.00016084639436125337
17934.0,51,2,704.25,Potential Loyalists,United Kingdom,8.506955941400954e-05
17935.0,138,2,145.79,At Risk,United Kingdom,1.76106369428022e-05
17936.0,5,1,380.13,Potential Loyalists,United Kingdom,4.5917630983382955e-05
17937.0,8,7,4301.22,Champions,United Kingdom,0.0005195639195494869
17939.0,159,1,99.14,At Risk,United Kingdom,1.1975571345835861e-05
17940.0,49,14,1897.18,Loyal Customers,United Kingdom,0.00022916899784035586
17941.0,130,1,304.56,At Risk,United Kingdom,3.678918709993716e-05
17942.0,7,1,77.50000000000001,Potential Loyalists,United Kingdom,9.36157735830421e-06
17946.0,233,2,149.57999999999998,At Risk,United Kingdom,1.8068448274259916e-05
17947.0,37,1,176.68,At Risk,United Kingdom,2.134198048600242e-05
17948.0,147,1,358.56000000000006,At Risk,United Kingdom,4.3312092614110426e-05
17949.0,1,52,52750.84,Champions,United Kingdom,0.006372013798393909
17950.0,72,4,472.12,Potential Loyalists,United Kingdom,5.7029521321323654e-05
17951.0,39,4,990.8400000000001,Loyal Customers,United Kingdom,0.00011968806851228573
17954.0,5,16,2276.78,Champions,United Kingdom,0.0002750226077140627
17955.0,198,4,557.3,Potential Loyalists,United Kingdom,6.731880079719916e-05
17956.0,249,1,12.75,Lost Customers,United Kingdom,1.540130468624241e-06
17957.0,66,1,111.68,At Risk,United Kingdom,1.3490334959682762e-05
17958.0,116,1,508.4599999999999,Potential Loyalists,United Kingdom,6.141919514326913e-05
17960.0,171,1,73.78,At Risk,United Kingdom,8.912221645105607e-06
17961.0,21,39,1296.44,Champions,United Kingdom,0.00015660288194064399
17962.0,142,1,102.41,At Risk,United Kingdom,1.237056951308302e-05
17964.0,31,2,463.21,Potential Loyalists,United Kingdom,5.5953241911485064e-05
17965.0,37,14,2599.19,Champions,United Kingdom,0.0003139679774700738
17966.0,37,5,1098.43,Loyal Customers,United Kingdom,0.00013268435377654313
17967.0,371,1,112.27,Lost Customers,United Kingdom,1.3561603742152432e-05
17968.0,373,1,265.1,At Risk,United Kingdom,3.202263429272834e-05
17969.0,166,2,228.2,At Risk,United Kingdom,2.756531552470994e-05
17970.0,211,1,562.79,At Risk,United Kingdom,6.798196285780678e-05
17972.0,241,1,135.19,Lost Customers,United Kingdom,1.6330214749279304e-05
17973.0,51,1,337.04,Potential Loyalists,United Kingdom,4.071259397216582e-05
17974.0,24,3,703.99,Loyal Customers,United Kingdom,8.503815283190426e-05
17975.0,15,14,4388.06,Champions,United Kingdom,0.0005300537179726499
17976.0,372,1,321.79,At Risk,United Kingdom,3.887047713714467e-05
17977.0,29,1,288.14,Potential Loyalists,United Kingdom,3.480574064544226e-05
17978.0,365,1,300.91999999999996,At Risk,United Kingdom,3.634949495046326e-05
17979.0,35,5,712.51,Loyal Customers,United Kingdom,8.606732236858493e-05
17980.0,165,3,811.45,Potential Loyalists,United Kingdom,9.801873480510905e-05
17984.0,145,1,152.68,At Risk,United Kingdom,1.8442911368592085e-05
17985.0,22,1,631.35,Potential Loyalists,United Kingdom,7.626363696987565e-05
17986.0,56,1,20.8,At Risk,United Kingdom,2.512526568422291e-06
17987.0,185,1,198.57,Lost Customers,United Kingdom,2.3986173110173765e-05
17988.0,11,8,191.17000000000002,Loyal Customers,United Kingdom,2.3092293465638914e-05
17990.0,236,3,630.84,Potential Loyalists,United Kingdom,7.620203175113068e-05
17991.0,225,2,93.35,At Risk,United Kingdom,1.1276170921260618e-05
17994.0,121,6,626.09,Potential Loyalists,United Kingdom,7.562825765497655e-05
17995.0,281,1,76.1,Lost Customers,United Kingdom,9.192464993121938e-06
17997.0,74,12,1503.09,Loyal Customers,United Kingdom,0.00018156507498701254
17999.0,37,2,380.39,Potential Loyalists,United Kingdom,4.594903756548823e-05
18001.0,12,2,415.13,Potential Loyalists,United Kingdom,5.014544011293969e-05
18004.0,362,1,157.92,Lost Customers,United Kingdom,1.9075874792560008e-05
18005.0,3,2,226.47,Potential Loyalists,United Kingdom,2.735634095916328e-05
18006.0,23,1,444.68,Potential Loyalists,United Kingdom,5.371491896375117e-05
18008.0,70,9,2116.19,Champions,United Kingdom,0.0002556242114821908
18009.0,235,2,242.29,At Risk,United Kingdom,2.9267310685722926e-05
18010.0,256,1,174.8,Lost Customers,United Kingdom,2.1114886738471948e-05
18011.0,373,1,102.78999999999999,Lost Customers,United Kingdom,1.2416471440775349e-05
18013.0,155,2,187.29,At Risk,United Kingdom,2.2623610624990906e-05
18014.0,28,1,162.22,Potential Loyalists,United Kingdom,1.9595291342762694e-05
18015.0,4,1,120.03,Potential Loyalists,United Kingdom,1.4498969423448441e-05
18016.0,32,5,1477.66,Loyal Customers,United Kingdom,0.0001784932696680232
18017.0,81,3,523.0,Potential Loyalists,United Kingdom,6.317554785023357e-05
18018.0,108,2,122.14,At Risk,United Kingdom,1.4753845916687434e-05
18019.0,51,1,38.45,At Risk,United Kingdom,4.644550315184476e-06
18022.0,35,1,612.72,Potential Loyalists,United Kingdom,7.401323456748588e-05
18024.0,152,3,236.77999999999997,Potential Loyalists,United Kingdom,2.8601732734184135e-05
18027.0,98,1,115.31,At Risk,United Kingdom,1.3928819163691075e-05
18030.0,4,3,220.7,Potential Loyalists,United Kingdom,2.6659356425519212e-05
18032.0,334,1,73.5,Lost Customers,United Kingdom,8.878399172069153e-06
18033.0,65,1,93.82000000000001,At Risk,United Kingdom,1.1332944358143238e-05
18034.0,21,2,418.68,Potential Loyalists,United Kingdom,5.057426075322331e-05
18035.0,35,3,713.89,Potential Loyalists,United Kingdom,8.623401884283602e-05
18036.0,32,3,403.12,Potential Loyalists,United Kingdom,4.869469760876894e-05
18037.0,154,6,70.02,Potential Loyalists,United Kingdom,8.458034150044654e-06
18040.0,19,2,357.20000000000005,Potential Loyalists,United Kingdom,4.31478120307905e-05
18041.0,11,22,4075.12,Champions,United Kingdom,0.0004922522725725503
18042.0,53,1,165.04999999999998,At Risk,United Kingdom,1.9937139909523995e-05
18043.0,24,3,529.29,Loyal Customers,United Kingdom,6.39353455480882e-05
18044.0,4,11,2085.65,Champions,United Kingdom,0.0002519351460302861
18045.0,45,1,178.34,At Risk,United Kingdom,2.154249943328997e-05
18048.0,203,2,172.29000000000002,At Risk,United Kingdom,2.081169242660945e-05
18050.0,359,1,74.4,Lost Customers,United Kingdom,8.987114263972042e-06
18053.0,66,2,297.07,Potential Loyalists,United Kingdom,3.5884435946212015e-05
18055.0,7,11,6729.29,Champions,United Kingdom,0.000812861534212425
18056.0,288,1,363.65,At Risk,United Kingdom,4.392693685609452e-05
18058.0,9,1,170.16,Potential Loyalists,United Kingdom,2.055440004243928e-05
18059.0,9,4,296.71,Loyal Customers,United Kingdom,3.584094990945086e-05
18061.0,21,10,2119.41,Champions,United Kingdom,0.00025601316992210994
18062.0,173,3,720.52,Potential Loyalists,United Kingdom,8.703488668652063e-05
18064.0,133,2,814.0,Potential Loyalists,United Kingdom,9.832676089883388e-05
18065.0,5,15,2380.08,Champions,United Kingdom,0.000287500684373583
18066.0,75,1,318.0,At Risk,United Kingdom,3.841266580568695e-05
18067.0,40,1,396.33,Potential Loyalists,United Kingdom,4.787450263763493e-05
18068.0,289,1,101.69999999999999,Lost Customers,United Kingdom,1.2284805385026297e-05
18069.0,26,7,1994.39,Champions,United Kingdom,0.00024091143571133332
18071.0,257,2,453.0,At Risk,United Kingdom,5.4719929591120086e-05
18072.0,155,2,-5.329070518200751e-15,At Risk,United Kingdom,-6.437226568257372e-22
18073.0,114,13,3846.7400000000002,Loyal Customers,United Kingdom,0.0004646652140294598
18074.0,373,1,489.6,At Risk,United Kingdom,5.914100999517085e-05
18075.0,23,14,2538.7200000000003,Champions,United Kingdom,0.00030666353123966536
18077.0,8,11,2584.41,Champions,United Kingdom,0.00031218263407193524
18078.0,217,2,336.13,At Risk,United Kingdom,4.060267093479734e-05
18079.0,45,4,3613.15,Loyal Customers,United Kingdom,0.0004364488158987981
18080.0,18,2,1231.5,Loyal Customers,United Kingdom,0.00014875848408711786
18081.0,36,3,343.45,Potential Loyalists,United Kingdom,4.148688701560749e-05
18082.0,25,1,680.84,Potential Loyalists,United Kingdom,8.224175907906888e-05
18084.0,16,2,87.52999999999999,Potential Loyalists,United Kingdom,1.0573146660288611e-05
18085.0,330,2,689.95,Potential Loyalists,United Kingdom,8.334219739821922e-05
18086.0,274,1,101.34,Lost Customers,United Kingdom,1.2241319348265143e-05
18087.0,98,4,3770.1199999999994,Loyal Customers,United Kingdom,0.00045540993587212723
18088.0,61,1,166.03,At Risk,United Kingdom,2.0055518565151584e-05
18092.0,2,12,9065.76,Champions,United Kingdom,0.0010950943684105803
18093.0,93,5,2083.42,Loyal Customers,United Kingdom,0.00025166577419146006
18094.0,81,7,3017.3,Loyal Customers,United Kingdom,0.0003644733853317586
18095.0,312,2,580.0500000000001,Potential Loyalists,United Kingdom,7.006687673141107e-05
18096.0,11,3,849.06,Loyal Customers,United Kingdom,0.00010256181770118414
18097.0,7,7,2657.45,Champions,United Kingdom,0.00032100546775258733
18099.0,127,1,168.31,At Risk,United Kingdom,2.0330930131305568e-05
18101.0,11,2,222.4,Potential Loyalists,United Kingdom,2.686470715466911e-05
18102.0,0,62,256438.49,Champions,United Kingdom,0.03097637111976413
18104.0,37,1,754.64,Potential Loyalists,United Kingdom,9.115639661510566e-05
18105.0,37,1,113.48000000000002,At Risk,United Kingdom,1.370776514348854e-05
18106.0,329,1,421.9,At Risk,United Kingdom,5.0963219193142525e-05
18108.0,248,2,264.65,At Risk,United Kingdom,3.1968276746776885e-05
18109.0,1,31,7877.27,Champions,United Kingdom,0.0009515312577709549
18110.0,19,2,168.55,Potential Loyalists,United Kingdom,2.035992082247967e-05
18112.0,12,2,352.69,Potential Loyalists,United Kingdom,4.2603028625810474e-05
18113.0,368,1,76.32000000000001,Lost Customers,United Kingdom,9.219039793364868e-06
18114.0,290,1,220.1,Lost Customers,United Kingdom,2.6586879697583952e-05
18116.0,67,8,1403.1100000000001,Loyal Customers,United Kingdom,0.00016948803622206737
18117.0,25,1,315.65,Potential Loyalists,United Kingdom,3.812879862127385e-05
18118.0,10,31,5567.03,Champions,United Kingdom,0.0006724668645290359
18119.0,367,1,180.7,Lost Customers,United Kingdom,2.1827574563168652e-05
18120.0,214,1,111.15,Lost Customers,United Kingdom,1.3426313850006618e-05
18121.0,149,2,653.3,Potential Loyalists,United Kingdom,7.891507726684051e-05
18122.0,8,6,1793.06,Champions,United Kingdom,0.00021659186965265734
18123.0,24,2,574.4399999999999,Loyal Customers,United Kingdom,6.938921932521638e-05
18125.0,29,5,1130.1,Loyal Customers,United Kingdom,0.00013650991706605918
18126.0,60,1,200.92000000000002,At Risk,United Kingdom,2.4270040294586864e-05
18127.0,19,3,347.08,Potential Loyalists,United Kingdom,4.1925371219615807e-05
18129.0,243,1,112.55000000000001,Lost Customers,United Kingdom,1.3595426215188888e-05
18130.0,8,4,1045.74,Champions,United Kingdom,0.00012631968911836186
18133.0,211,2,715.4999999999999,Potential Loyalists,United Kingdom,8.642849806279562e-05
18135.0,29,5,681.9100000000001,Loyal Customers,United Kingdom,8.237100924388676e-05
18136.0,63,4,761.83,Loyal Customers,United Kingdom,9.202490940486318e-05
18138.0,295,1,152.65,Lost Customers,United Kingdom,1.8439287532195323e-05
18139.0,17,8,8393.22,Champions,United Kingdom,0.001013855204067949
18141.0,360,1,-35.400000000000006,Lost Customers,United Kingdom,-4.276126948180246e-06
18142.0,151,4,1014.9,Loyal Customers,United Kingdom,0.00012259438530248958
18143.0,116,2,1000.16,Potential Loyalists,United Kingdom,0.00012081387368621339
18144.0,7,12,2888.75,Champions,United Kingdom,0.00034894524637162945
18145.0,12,4,2861.55,Champions,United Kingdom,0.00034565963470523114
18146.0,140,2,160.35000000000002,At Risk,United Kingdom,1.936940554069781e-05
18147.0,45,2,179.33999999999997,Potential Loyalists,United Kingdom,2.166329397984873e-05
18149.0,50,3,612.0799999999999,Potential Loyalists,United Kingdom,7.393592605768826e-05
18150.0,32,3,566.58,Potential Loyalists,United Kingdom,6.843977418926451e-05
18151.0,134,2,653.35,Potential Loyalists,United Kingdom,7.892111699416846e-05
18154.0,3,2,399.19,Loyal Customers,United Kingdom,4.8219975040793e-05
18155.0,75,4,347.82,Potential Loyalists,United Kingdom,4.201475918406929e-05
18156.0,12,2,675.64,Loyal Customers,United Kingdom,8.16136274369633e-05
18158.0,9,3,451.75,Loyal Customers,United Kingdom,5.456893640792163e-05
18159.0,301,1,530.15,At Risk,United Kingdom,6.403922885812872e-05
18160.0,57,2,638.0600000000001,Potential Loyalists,United Kingdom,7.707416837728496e-05
18161.0,10,6,1612.79,Champions,United Kingdom,0.00019481623674450898
18164.0,31,2,394.7,Potential Loyalists,United Kingdom,4.767760752674415e-05
18165.0,177,1,302.46000000000004,At Risk,United Kingdom,3.653551855216376e-05
18167.0,3,6,1355.51,Champions,United Kingdom,0.0001637382158058702
18168.0,176,9,1123.74,Loyal Customers,United Kingdom,0.00013574166374994546
18169.0,60,1,202.65,At Risk,United Kingdom,2.4479014860133524e-05
18170.0,33,3,980.31,Loyal Customers,United Kingdom,0.00011841610193702192
18171.0,58,7,1208.51,Loyal Customers,United Kingdom,0.00014598141746173187
18172.0,14,25,7490.17,Champions,United Kingdom,0.0009047716887980573
18173.0,86,4,2106.84,Loyal Customers,United Kingdom,0.00025449478247186635
18174.0,7,1,104.0,Potential Loyalists,United Kingdom,1.2562632842111455e-05
18176.0,353,2,448.65,At Risk,United Kingdom,5.419447331358946e-05
18177.0,31,7,1313.6200000000001,Champions,United Kingdom,0.00015867813225052356
18178.0,113,6,1573.41,Loyal Customers,United Kingdom,0.00019005934750102485
18179.0,9,6,1793.17,Champions,United Kingdom,0.00021660515705277883
18180.0,4,6,1843.75,Champions,United Kingdom,0.0002227149452177211
18181.0,24,1,366.85,Potential Loyalists,United Kingdom,4.4313479405082575e-05
18183.0,218,6,600.52,Potential Loyalists,United Kingdom,7.253954109946895e-05
18184.0,15,1,49.8,Potential Loyalists,United Kingdom,6.015568418626446e-06
18185.0,249,1,304.25,At Risk,United Kingdom,3.6751740790503946e-05
18188.0,15,4,1998.49,Champions,United Kingdom,0.00024140669335222424
18189.0,77,3,1084.34,Potential Loyalists,United Kingdom,0.00013098235861553012
18190.0,192,3,274.51,At Risk,United Kingdom,3.31593109758463e-05
18191.0,261,1,207.79999999999998,Lost Customers,United Kingdom,2.5101106774911154e-05
18192.0,71,1,957.97,Potential Loyalists,United Kingdom,0.00011571755176689914
18193.0,150,3,212.96,At Risk,United Kingdom,2.572440663515438e-05
18194.0,64,2,896.0,Potential Loyalists,United Kingdom,0.00010823191371665254
18196.0,95,2,686.63,Potential Loyalists,United Kingdom,8.294115950364412e-05
18198.0,4,21,5083.06,Champions,United Kingdom,0.0006140059278309909
18200.0,106,1,150.35,At Risk,United Kingdom,1.8161460075110165e-05
18202.0,199,3,1396.99,Potential Loyalists,United Kingdom,0.0001687487735971277
18203.0,157,1,160.42000000000002,At Risk,United Kingdom,1.937786115895692e-05
18204.0,71,4,1960.95,Loyal Customers,United Kingdom,0.00023687206607440824
18205.0,36,2,517.36,Potential Loyalists,United Kingdom,6.249426660764213e-05
18209.0,28,1,139.10000000000002,Potential Loyalists,United Kingdom,1.6802521426324074e-05
18210.0,1,6,2621.38,Champions,United Kingdom,0.0003166484084582128
18211.0,25,5,600.07,Loyal Customers,United Kingdom,7.248518355351751e-05
18212.0,326,1,216.07,Lost Customers,United Kingdom,2.6100077674952134e-05
18213.0,236,1,232.48000000000002,Lost Customers,United Kingdom,2.8082316183981456e-05
18215.0,89,1,299.34000000000003,At Risk,United Kingdom,3.615863956690042e-05
18216.0,31,1,481.75,Potential Loyalists,United Kingdom,5.819277280468455e-05
18217.0,29,2,621.75,Loyal Customers,United Kingdom,7.51040093229115e-05
18218.0,206,4,606.22,Potential Loyalists,United Kingdom,7.322807001485391e-05
18219.0,2,11,2019.77,Champions,United Kingdom,0.00024397720130299474
18220.0,219,2,297.78000000000003,At Risk,United Kingdom,3.597020007426875e-05
18221.0,22,6,1033.31,Loyal Customers,United Kingdom,0.00012481821290463642
18222.0,92,1,443.0,At Risk,United Kingdom,5.3511984125532446e-05
18223.0,1,27,6315.2300000000005,Champions,United Kingdom,0.0007628453442643032
18224.0,263,1,158.95000000000002,Lost Customers,United Kingdom,1.9200293175515537e-05
18225.0,3,17,5356.86,Champions,United Kingdom,0.0006470794746787804
18226.0,38,14,5192.1,Champions,United Kingdom,0.0006271773651877585
18227.0,217,1,93.75,Lost Customers,United Kingdom,1.1324488739884123e-05
18228.0,50,3,769.2,Potential Loyalists,United Kingdom,9.291516521300127e-05
18229.0,11,20,7276.900000000001,Champions,United Kingdom,0.0008790098358534697
18230.0,9,10,2716.6000000000004,Champions,United Kingdom,0.0003281504651815383
18231.0,192,6,2054.67,Loyal Customers,United Kingdom,0.00024819293097789563
18232.0,81,5,582.47,Potential Loyalists,United Kingdom,7.035919953408326e-05
18233.0,325,1,440.0,At Risk,United Kingdom,5.314960048585616e-05
18235.0,71,3,1796.48,Loyal Customers,United Kingdom,0.00021700498700188834
18236.0,29,6,882.24,Loyal Customers,United Kingdom,0.00010656978075600395
18237.0,2,5,987.1,Champions,United Kingdom,0.00011923629690815593
18239.0,218,5,1561.6100000000001,Potential Loyalists,United Kingdom,0.00018863397185163146
18240.0,46,1,422.58,Potential Loyalists,United Kingdom,5.1045359484802484e-05
18241.0,9,18,2058.09,Champions,United Kingdom,0.0002486060483271266
18242.0,72,4,2232.4900000000002,Loyal Customers,United Kingdom,0.00026967261724697504
18245.0,7,8,2507.56,Champions,United Kingdom,0.0003028995731688942
18246.0,23,2,596.1,Loyal Customers,United Kingdom,7.200562920367922e-05
18248.0,113,4,783.02,Potential Loyalists,United Kingdom,9.458454584644338e-05
18249.0,17,1,95.34,Potential Loyalists,United Kingdom,1.1516552068912559e-05
18250.0,301,2,342.92,At Risk,United Kingdom,4.1422865905931346e-05
18251.0,87,1,4314.72,Potential Loyalists,United Kingdom,0.0005211946459280302
18252.0,50,2,518.27,Potential Loyalists,United Kingdom,6.26041896450106e-05
18255.0,89,1,103.3,At Risk,United Kingdom,1.247807665952032e-05
18256.0,354,1,-50.1,Lost Customers,United Kingdom,-6.051806782594076e-06
18257.0,39,12,2265.38,Champions,United Kingdom,0.0002736455498832928
18259.0,24,3,2338.6000000000004,Loyal Customers,United Kingdom,0.0002824901265823255
18260.0,172,8,2580.15,Loyal Customers,United Kingdom,0.0003116680493035949
18261.0,43,2,324.24,Potential Loyalists,United Kingdom,3.9166423776213635e-05
18262.0,140,1,149.48,At Risk,United Kingdom,1.805636881960404e-05
18263.0,23,4,1211.08,Loyal Customers,United Kingdom,0.0001462918594463879
18265.0,72,2,801.51,Potential Loyalists,United Kingdom,9.681803701231492e-05
18268.0,134,2,0.0,At Risk,United Kingdom,0.0
18269.0,358,2,138.9,At Risk,United Kingdom,1.6778362517012317e-05
18270.0,38,3,238.95000000000002,Potential Loyalists,United Kingdom,2.8863856900216658e-05
18272.0,2,7,3064.78,Champions,United Kingdom,0.00037020871040236873
18273.0,2,3,204.0,Potential Loyalists,United Kingdom,2.4642087497987855e-05
18274.0,17,2,1.7763568394002505e-15,Potential Loyalists,United Kingdom,2.145742189419124e-22
18276.0,21,3,323.36,Potential Loyalists,United Kingdom,3.906012457524192e-05
18277.0,58,2,97.63,Potential Loyalists,United Kingdom,1.1793171580532128e-05
18278.0,73,1,173.9,At Risk,United Kingdom,2.1006171646569057e-05
18280.0,277,1,180.60000000000002,Lost Customers,United Kingdom,2.181549510851278e-05
18281.0,180,1,80.82,Lost Customers,United Kingdom,9.762615252879304e-06
18282.0,7,3,176.6,Potential Loyalists,United Kingdom,2.133231692227772e-05
18283.0,3,16,2045.53,Champions,United Kingdom,0.0002470888688223485
18287.0,42,3,1837.28,Loyal Customers,United Kingdom,0.00022193340450148589
